timestamp,total_mention_velocity,avg_sentiment_score,positive_vibe_count,negative_vibe_count,actual_server_requests
1788524463.3066978,564,0.7657849490642548,2,3,500
1788524474.2705886,516,0.8205650091171265,0,2,500
1788524485.2785656,51,0.7876694699128469,1,0,500
1788524495.3137994,80,0.7585239052772522,0,2,500
1788524505.3475232,474,0.770387601852417,1,1,500
1788524516.2913778,64,0.6882694602012634,1,1,500
1788524526.3189058,53,0.7522296786308289,1,0,500
1788524537.3545458,263,0.7891393105189005,1,1,500
1788524547.3772342,35,0.787662672996521,1,2,500
1788524557.4154613,50,0.8450628519058228,1,0,500
1788524568.348293,376,0.8158623456954956,1,1,500
1788524579.3595202,70,0.7683284481366476,0,1,500
1788524590.3587527,73,0.8134447693824768,0,0,500
1788524600.3600276,501,0.8809710144996643,1,1,500
1788524610.3741462,64,0.8226961135864258,0,1,500
1788524620.3909504,51,0.7345862746238708,0,0,500
1788524631.363662,322,0.8267497221628824,2,0,500
1788524641.3805861,74,0.6913425326347351,0,0,500
1788524651.3975892,411,0.7581789135932923,1,1,500
1788524662.4144747,41,0.8237855315208436,1,0,500
1788524673.4144154,68,0.6909335454305013,1,1,500
1788524684.4013402,433,0.6874357342720032,1,0,500
1788524694.426581,55,0.860664165019989,1,0,500
1788524705.4103289,71,0.853084146976471,0,0,500
1788524715.470831,457,0.8053589224815368,1,0,500
1788524726.4138224,54,0.8215124249458313,0,1,500
1788524736.418979,48,0.7486388206481933,0,1,500
1788524746.4233327,474,0.8395893216133118,1,1,500
1788524757.4299753,65,0.7647975782553355,0,0,500
1788524767.4436986,63,0.7190929055213928,0,0,500
1788524777.5201468,421,0.8629409432411194,1,0,500
1788524788.4637218,55,0.7672369241714477,0,1,500
1788524799.463431,43,0.7511599759260813,1,2,500
1788524809.463434,208,0.7673316955566406,1,2,500
1788524819.5672655,57,0.7972097158432007,0,2,500
1788524830.4716234,43,0.7479720711708069,0,1,500
1788524841.4739208,210,0.8025991022586823,0,1,500
1788524851.542494,57,0.7361446619033813,0,3,500
1788524862.4671621,317,0.7680021107196808,0,0,500
1788524872.4812684,51,0.8300338864326477,1,0,500
1788524883.489625,78,0.7916557987531027,1,0,500
1788524893.4930367,481,0.7784155249595642,1,0,500
1788524903.553156,49,0.8284526228904724,0,0,500
1788524914.5348942,32,0.8283262014389038,0,0,500
1788524924.5866532,483,0.8091310739517212,1,0,500
1788524935.5851264,54,0.7418808539708456,0,2,500
1788524946.501962,88,0.7749173402786255,0,1,500
1788524956.5207083,289,0.7152580320835114,1,1,500
1788524966.569698,47,0.7732189893722534,1,1,500
1788524977.5871212,65,0.8222234944502512,0,1,500
1788524988.5764413,269,0.8406724572181702,1,0,500
1788524998.600929,40,0.7917595624923706,0,1,500
1788525009.6202714,51,0.87220299243927,0,1,500
1788525020.583467,478,0.8423625469207764,1,1,500
1788525031.6002817,61,0.7561162610848745,0,4,500
1788525041.6139622,300,0.8484641909599304,1,0,500
1788525051.6499612,46,0.6732765078544617,0,2,500
1788525062.574954,44,0.8221902489662171,1,0,500
1788525072.595907,269,0.7284281253814697,1,2,500
1788525083.6166975,61,0.8646093010902405,0,0,500
1788525093.6372786,56,0.7677057266235352,1,1,500
1788525104.607513,526,0.8597940564155578,1,0,500
1788525115.6304266,66,0.7543334464232127,1,1,500
1788525125.641181,47,0.8233332157135009,0,0,500
1788525135.6600502,264,0.8564434289932251,1,0,500
1788525145.6650205,53,0.7347158074378968,0,1,500
1788525155.6683705,71,0.7752910137176514,0,1,500
1788525166.6240346,259,0.8917588353157043,1,0,500
1788525176.6777105,34,0.7577609539031982,0,1,500
1788525187.6921237,43,0.7918295462926229,1,1,500
1788525198.6458995,534,0.7753066539764404,1,1,500
1788525208.6537876,36,0.8462812304496765,0,1,500
1788525218.66818,43,0.8034905195236206,0,1,500
1788525229.696101,487,0.8032149771849314,1,0,500
1788525239.7064383,52,0.846120011806488,0,1,500
1788525250.7031968,65,0.8546972751617432,0,0,500
1788525261.7276585,476,0.8230892022450765,0,2,500
1788525271.766588,60,0.7597729206085205,0,3,500
1788525282.6890814,491,0.7644612491130829,0,0,500
1788525293.7134957,61,0.8003762662410736,1,0,500
1788525303.7292655,64,0.7883721351623535,0,2,500
1788525313.7512677,528,0.9122463345527649,1,0,500
1788525323.7580028,47,0.7914327144622803,0,1,500
1788525333.7677655,68,0.7853460907936096,0,1,500
1788525344.7173417,305,0.802695369720459,1,1,500
1788525354.7390032,78,0.711228358745575,0,2,500
1788525364.7787747,39,0.7323796510696411,0,2,500
1788525375.7932448,213,0.8674147029717764,1,0,500
1788525386.7455018,30,0.7947048664093017,1,0,500
1788525396.7533567,49,0.7249374389648438,1,1,500
1788525406.7573855,364,0.8300279974937439,1,0,500
1788525417.7770517,50,0.7636924485365549,0,1,500
1788525427.7990193,56,0.843880569934845,0,0,500
1788525438.816178,536,0.835512113571167,1,0,500
1788525449.8119674,71,0.6681248545646667,1,2,500
1788525460.8247824,71,0.8066300749778748,0,0,500
1788525471.8152535,439,0.7667394280433655,1,1,500
1788525481.8323252,86,0.8804548025131226,0,0,500
1788525492.8047342,355,0.7829598426818848,1,0,500
1788525502.8390858,33,0.6895946264266968,0,1,500
1788525513.8344479,78,0.7634846965471903,0,0,500
1788525523.8679783,344,0.8185773372650147,1,1,500
1788525533.8823657,27,0.8705444812774659,0,1,500
1788525544.8321562,56,0.6818882346153259,0,1,500
1788525554.8383062,436,0.8138370275497436,2,0,500
1788525565.8707867,59,0.7284994721412659,0,2,500
1788525575.9031527,42,0.8314533948898315,0,1,500
1788525585.9181826,286,0.8238310813903809,1,0,500
1788525595.955005,70,0.7943266153335571,1,0,500
1788525606.8503118,30,0.7647675633430481,0,1,500
1788525616.9066014,377,0.8160390257835388,2,0,500
1788525627.9353096,66,0.7513931393623352,1,2,500
1788525638.9154005,42,0.7737194538116455,0,1,500
1788525649.9553945,493,0.7652229617039362,2,0,500
1788525660.8856673,42,0.7967263460159302,0,0,500
1788525671.925019,272,0.7552567621072134,1,3,500
1788525682.8918815,44,0.7197918891906738,1,2,500
1788525692.892622,43,0.7728668570518493,1,0,500
1788525702.9474761,548,0.8184947490692138,1,1,500
1788525713.9440334,79,0.7713220516840616,0,1,500
1788525723.9583788,36,0.7400044441223145,0,2,500
1788525734.0068765,253,0.8353567838668823,1,1,500
1788525744.0097563,45,0.827486538887024,0,0,500
1788525754.9729917,44,0.7743239879608155,0,1,500
1788525765.971423,375,0.7997905015945435,1,1,500
1788525776.0264475,44,0.7393997788429261,0,1,500
1788525786.9422004,50,0.787906038761139,0,0,500
1788525796.9943542,410,0.7963510513305664,0,2,500
1788525807.9965668,66,0.744057814280192,0,2,500
1788525818.0165503,68,0.8778984546661377,0,0,500
1788525828.0279388,254,0.7322437942028046,0,2,500
1788525838.044291,52,0.7761800050735473,0,0,500
1788525848.9820445,80,0.7253492474555969,1,1,500
1788525859.0186563,505,0.776688301563263,0,2,500
1788525870.020673,46,0.7477263907591502,0,0,500
1788525880.0228155,61,0.7525767803192138,0,2,500
1788525890.0512137,230,0.7841677784919738,0,1,500
1788525900.0608733,66,0.800452721118927,0,0,500
1788525910.0833733,38,0.8227077722549438,1,0,500
1788525921.0249188,479,0.8112218856811524,1,0,500
1788525931.0311766,70,0.8826193451881409,0,0,500
1788525942.0705001,231,0.6438241998354594,0,3,500
1788525952.125616,73,0.7481867551803589,0,0,500
1788525963.034068,37,0.8155663967132568,0,1,500
1788525973.0453324,247,0.7734779596328736,1,2,500
1788525983.0568035,62,0.8030194759368896,0,0,500
1788525993.071879,32,0.7124180674552918,0,0,500
1788526003.110012,454,0.7600354790687561,1,0,500
1788526014.1335475,90,0.7632790505886078,0,3,500
1788526024.134439,34,0.6650481939315795,0,0,500
1788526034.1674352,436,0.8195676207542419,1,0,500
1788526045.08087,65,0.7692387104034424,0,1,500
1788526055.1039565,43,0.789359188079834,0,1,500
1788526066.1287854,418,0.8406964441140493,1,1,500
1788526076.1764023,44,0.8657284021377564,0,0,500
1788526086.1973202,49,0.8186007738113403,0,0,500
1788526097.1488407,442,0.7352631092071533,1,0,500
1788526108.166085,65,0.7928716540336609,0,0,500
1788526118.209579,51,0.8219687819480896,0,0,500
1788526129.1210577,443,0.7640053272247315,1,1,500
1788526139.1345012,60,0.8336708188056946,0,0,500
1788526149.140511,49,0.7884772539138794,0,1,500
1788526159.1483984,288,0.8474410533905029,1,0,500
1788526170.1665118,80,0.7750563323497772,1,0,500
1788526180.2121515,46,0.820150899887085,0,0,500
1788526191.1801329,481,0.7627934813499451,1,1,500
1788526202.1941774,68,0.7948428889115652,0,0,500
1788526212.2498188,404,0.754213935136795,2,1,500
1788526223.1874304,64,0.8541306495666504,0,0,500
1788526233.2324622,62,0.8580641150474548,0,1,500
1788526243.240538,354,0.7645962357521057,2,0,500
1788526254.2285466,67,0.7364032169183096,1,1,500
1788526264.2460184,63,0.8428073287010193,0,1,500
1788526275.2008908,510,0.7541239500045777,0,1,500
1788526285.2113292,42,0.7544839143753052,0,0,500
1788526296.2417016,36,0.7842958569526672,0,1,500
1788526306.2705305,251,0.8467029094696045,1,0,500
1788526317.2329931,57,0.7022549510002136,1,0,500
1788526327.2768025,58,0.7370650887489318,1,2,500
1788526338.2757173,333,0.7302009363969167,2,1,500
1788526349.2454894,67,0.7621017694473267,0,0,500
1788526359.2533865,33,0.8169808626174927,0,1,500
1788526369.255754,485,0.8475605845451355,1,0,500
1788526380.295702,53,0.7332238356272379,0,2,500
1788526390.3023841,64,0.7342947602272034,0,0,500
1788526400.3261619,211,0.7927406191825866,3,0,500
1788526410.347355,53,0.8231766223907471,0,1,500
1788526421.3114166,42,0.7910267353057862,0,1,500
1788526432.3303752,367,0.8328420420487722,1,0,500
1788526442.3536973,50,0.7767284512519836,0,2,500
1788526453.3046324,533,0.782920527458191,1,1,500
1788526464.343305,61,0.7453059057394663,2,1,500
1788526474.3511174,62,0.7301524639129638,0,3,500
1788526485.3318877,264,0.8270700573921204,1,0,500
1788526496.3628113,80,0.7787105937798818,0,0,500
1788526506.3703804,40,0.7062727332115173,0,2,500
1788526517.336203,273,0.748461377620697,0,2,500
1788526527.3460636,37,0.6509046673774719,0,3,500
1788526537.3547738,68,0.7436507225036622,1,1,500
1788526548.3822343,341,0.7773683766523997,1,0,500
1788526558.4064622,40,0.8320557951927186,0,0,500
1788526568.4100933,59,0.8167615175247193,1,0,500
1788526578.4560497,437,0.8709881424903869,1,0,500
1788526589.3790095,45,0.8697846293449402,0,0,500
1788526600.4035625,57,0.7719622800747553,0,1,500
1788526610.422757,488,0.8661824107170105,2,0,500
1788526621.3886504,62,0.7060587346553803,0,2,500
1788526631.4012992,45,0.7639896750450135,0,0,500
1788526641.4271388,395,0.8876993894577027,1,0,500
1788526652.4424703,48,0.772315243879954,0,2,500
1788526662.4726415,509,0.7188700795173645,1,2,500
1788526673.4175186,61,0.6791767179965973,0,1,500
1788526684.4568932,73,0.7970208823680878,0,0,500
1788526695.4143295,374,0.7502366542816162,2,2,500
1788526705.4731362,49,0.7114249467849731,0,2,500
1788526716.485578,44,0.8142104943593343,1,0,500
1788526727.435519,486,0.8269857406616211,2,0,500
1788526737.4382944,34,0.7532605171203614,0,0,500
1788526747.4557273,37,0.6878737926483154,1,1,500
1788526757.462425,267,0.78758225440979,1,0,500
1788526768.4940906,90,0.8550194899241129,0,0,500
1788526778.4958892,51,0.7966763257980347,0,0,500
1788526788.5101538,306,0.7246940732002258,1,0,500
1788526798.51515,45,0.6891669511795044,0,1,500
1788526808.522613,39,0.8334036231040954,1,0,500
1788526818.5300577,286,0.7828511595726013,1,2,500
1788526829.4948783,81,0.6163173735141754,0,4,500
1788526840.5288675,47,0.7861256301403046,1,0,500
1788526850.549602,510,0.8354406118392944,1,1,500
1788526860.5574372,30,0.8339033007621766,0,0,500
1788526870.5891888,47,0.8493633985519409,1,0,500
1788526881.5034466,468,0.8088375568389893,1,0,500
1788526891.525243,74,0.8214567542076111,0,1,500
1788526901.5323832,64,0.8325440168380738,0,1,500
1788526911.5366206,220,0.8117482662200928,2,1,500
1788526921.5581295,76,0.7373387038707733,1,2,500
1788526931.5607257,63,0.7225604295730591,0,2,500
1788526942.587286,293,0.7898773451646169,1,1,500
1788526952.6032226,61,0.7605910062789917,0,0,500
1788526962.6036131,418,0.8155182361602783,1,1,500
1788526972.6261837,52,0.6990908265113831,0,0,500
1788526983.5719402,21,0.7820351123809814,0,1,500
1788526993.5748136,372,0.8160760641098023,0,0,500
1788527003.6056826,52,0.7751382708549499,0,0,500
1788527014.6066566,71,0.8582496146361033,0,0,500
1788527024.6525395,373,0.8450292825698853,0,1,500
1788527035.5930917,46,0.8307301998138428,0,1,500
1788527045.603695,51,0.789503300189972,0,1,500
1788527055.6078737,534,0.8221956491470337,1,0,500
1788527065.6220539,59,0.5449023127555848,1,2,500
1788527075.625873,63,0.822566545009613,0,1,500
1788527086.668179,322,0.8567808568477631,1,1,500
1788527096.725948,51,0.7476755023002625,0,1,500
1788527107.6309106,51,0.7957176685333252,0,0,500
1788527117.6518502,440,0.6780377149581909,2,1,500
1788527127.6618817,59,0.6495387196540833,1,1,500
1788527138.695329,72,0.7769592901070913,0,1,500
1788527149.6480517,321,0.8919834971427918,1,0,500
1788527159.6601286,38,0.7001840591430664,0,1,500
1788527169.673529,24,0.7803279280662536,0,1,500
1788527179.6756327,258,0.8274589657783509,2,0,500
1788527190.70079,47,0.7963411609331766,0,2,500
1788527200.7280412,57,0.7370763063430786,0,2,500
1788527211.6941867,198,0.842960250377655,1,1,500
1788527222.7345266,61,0.8571715454260508,0,0,500
1788527232.736054,517,0.8294542789459228,2,1,500
1788527243.708407,42,0.8405683755874633,0,0,500
1788527253.7108672,46,0.8161793112754822,1,0,500
1788527263.7231836,290,0.8505879521369935,1,0,500
1788527273.727207,43,0.7970961928367615,0,1,500
1788527284.7606282,67,0.7923654913902283,1,0,500
1788527294.774987,199,0.8954759359359741,1,0,500
1788527305.7347686,40,0.8110341191291809,0,0,500
1788527315.7727218,65,0.7231329321861267,0,0,500
1788527326.7783146,240,0.7131278912226359,2,2,500
1788527337.7621365,28,0.7762268781661987,0,1,500
1788527347.7633328,45,0.7858248591423035,1,1,500
1788527358.7911808,241,0.7926157514254252,1,0,500
1788527368.823989,50,0.8555955052375793,0,0,500
1788527378.8528988,53,0.8750192642211914,0,0,500
1788527389.8096838,500,0.8203538179397583,1,2,500
1788527400.8350208,28,0.6495752930641174,0,5,500
1788527411.7936919,74,0.8364435076713562,0,1,500
1788527421.7964818,309,0.7188401460647583,2,0,500
1788527431.7989676,46,0.8081036448478699,0,2,500
1788527442.8397572,332,0.7950184245904287,1,2,500
1788527452.893568,53,0.7380612611770629,0,0,500
1788527463.8297782,67,0.8236705183982849,0,0,500
1788527473.858075,412,0.7277915418148041,2,1,500
1788527484.8790603,54,0.7573291957378387,0,1,500
1788527495.836347,67,0.8049039363861084,1,1,500
1788527506.862089,206,0.7488274822632471,1,1,500
1788527516.9028003,50,0.8415431618690491,1,0,500
1788527527.8582046,60,0.8804605841636658,0,0,500
1788527537.8638427,373,0.7838479280471802,1,0,500
1788527547.8757536,71,0.8039275407791138,0,1,500
1788527557.884353,59,0.7644624471664428,0,0,500
1788527568.9226954,439,0.8421236375967661,1,0,500
1788527579.8717928,44,0.8407798886299134,1,0,500
1788527589.9003723,57,0.8227777361869812,0,0,500
1788527599.9018843,509,0.784050989151001,1,2,500
1788527610.939544,71,0.8540399769941965,0,1,500
1788527621.9122274,42,0.8024462699890137,0,2,500
1788527632.940396,375,0.7528292189041773,2,0,500
1788527642.9576435,60,0.795147716999054,0,1,500
1788527652.974134,201,0.8379536390304565,1,0,500
1788527663.9309707,72,0.8293594598770142,0,1,500
1788527673.9317641,64,0.7596588134765625,0,1,500
1788527683.93461,506,0.8271386504173279,1,1,500
1788527693.9510045,71,0.8278018355369567,0,0,500
1788527703.9605389,59,0.7790578484535218,0,0,500
1788527713.9654794,482,0.8846104264259338,1,1,500
1788527723.9664903,55,0.823685622215271,1,0,500
1788527734.9930906,60,0.754727860291799,0,2,500
1788527745.0158362,319,0.8356372833251953,1,1,500
1788527755.0294456,36,0.7992478966712951,0,1,500
1788527765.9919193,68,0.7191675662994385,0,0,500
1788527777.0214,423,0.6662205159664154,1,3,500
1788527787.0409124,56,0.7514426350593567,0,3,500
1788527797.9966466,62,0.8500170946121216,0,0,500
1788527808.0071127,230,0.8325486302375793,1,1,500
1788527818.0162547,52,0.777702522277832,0,1,500
1788527828.0235126,34,0.7763361215591431,0,1,500
1788527839.0516024,304,0.8580281833807627,1,1,500
1788527849.0608528,70,0.8433748245239258,0,0,500
1788527859.0692449,76,0.7860353350639343,0,1,500
1788527869.0996265,346,0.8451064348220825,1,2,500
1788527880.037343,40,0.8398047924041748,0,2,500
1788527890.0449672,45,0.7031320333480835,0,1,500
1788527900.0576885,342,0.6853020071983338,0,2,500
1788527910.0859387,43,0.7691792130470276,0,1,500
1788527921.10765,87,0.779804507891337,0,1,500
1788527931.1466994,241,0.7679747939109802,2,0,500
1788527942.0751774,63,0.838742733001709,0,0,500
1788527952.0892262,28,0.8039860963821411,0,1,500
1788527962.0894015,418,0.7993040084838867,1,0,500
1788527973.1226058,60,0.8119561672210693,1,0,500
1788527983.1511445,223,0.7786838412284851,0,1,500
1788527994.0989528,34,0.7863851666450501,1,1,500
1788528004.109091,46,0.7009268224239349,0,1,500
1788528015.1213844,338,0.7821817000706991,1,1,500
1788528025.1545815,54,0.6612700581550598,0,2,500
1788528036.1251671,45,0.7060788631439209,0,1,500
1788528047.1604636,405,0.669956718881925,0,2,500
1788528057.173337,48,0.8271393179893494,0,1,500
1788528067.173514,42,0.7920938372612,0,1,500
1788528077.1881037,497,0.8222487807273865,1,0,500
1788528087.2194765,52,0.8459099292755127,0,0,500
1788528098.1571596,42,0.7841695547103882,0,0,500
1788528108.1665,189,0.8407956957817078,1,0,500
1788528119.2072313,47,0.7595754315455755,1,1,500
1788528129.251072,47,0.8540106296539307,0,0,500
1788528139.2633975,328,0.7776706457138062,0,1,500
1788528150.2306964,56,0.8429727554321289,1,0,500
1788528161.2426598,55,0.7883726159731547,0,1,500
1788528172.194723,350,0.8542926549911499,1,0,500
1788528183.2172453,69,0.7928418020407358,0,0,500
1788528193.2468455,511,0.795579195022583,0,1,500
1788528203.2862284,61,0.7297319889068603,0,1,500
1788528214.2236164,39,0.8142856597900391,1,1,500
1788528225.261009,227,0.7716070214907328,1,3,500
1788528236.23415,24,0.7645171761512757,1,1,500
1788528246.24015,43,0.8334674954414367,1,0,500
1788528256.2472937,530,0.757507073879242,0,1,500
1788528267.2785325,64,0.8081256250540415,0,1,500
1788528277.3258274,58,0.7726722598075867,1,0,500
1788528288.2592194,198,0.8031238317489624,0,1,500
1788528299.2969844,70,0.7945848057667414,0,0,500
1788528310.2705562,71,0.8361189246177674,0,0,500
1788528320.2813373,202,0.8134475588798523,0,1,500
1788528330.2888625,41,0.8081296801567077,1,0,500
1788528341.3199668,63,0.8081006308396658,1,0,500
1788528352.2954392,265,0.7674977421760559,0,1,500
1788528362.3325448,57,0.7972413301467896,0,1,500
1788528373.3466146,531,0.7665184438228607,1,2,500
1788528384.2934148,44,0.7859100937843323,0,1,500
1788528394.309337,48,0.8092699527740479,0,1,500
1788528404.3226166,221,0.7260223865509033,0,0,500
1788528415.3520665,56,0.7529885073502859,0,2,500
1788528425.3594742,61,0.7116319298744201,1,3,500
1788528436.3382583,391,0.7584460616111756,1,1,500
1788528446.3706496,51,0.7706181645393372,0,1,500
1788528457.3697717,79,0.8712535401185354,0,0,500
1788528467.3946245,309,0.8155534505844116,1,0,500
1788528477.402874,72,0.7416218280792236,1,2,500
1788528488.363873,42,0.7916686177253723,0,1,500
1788528498.3691804,508,0.8126513957977295,1,1,500
1788528508.3732703,50,0.8525866627693176,0,0,500
1788528518.386039,62,0.8180266737937927,1,0,500
1788528529.4207902,540,0.7928586900234222,1,3,500
1788528540.4314187,32,0.833739185333252,0,0,500
1788528551.4252226,79,0.7783306688070297,0,1,500
1788528561.439541,273,0.8529897570610047,1,1,500
1788528571.440216,48,0.8283795952796936,1,1,500
1788528581.4550958,65,0.7810469508171082,1,0,500
1788528592.416742,453,0.7799342513084412,1,2,500
1788528602.4184437,55,0.8495956540107727,0,0,500
1788528612.4360547,49,0.8769598603248596,0,0,500
1788528622.440546,207,0.7990975141525268,2,1,500
1788528632.4418423,70,0.7220317840576171,0,1,500
1788528643.4637303,315,0.7746355732282003,1,1,500
1788528653.484306,32,0.7893148541450501,1,1,500
1788528663.5340064,43,0.7827829718589783,0,0,500
1788528674.465452,205,0.7605496287345886,1,2,500
1788528685.490588,64,0.8501528898874918,1,1,500
1788528695.5123508,47,0.7267124772071838,1,0,500
1788528706.4794195,502,0.7772394895553589,2,0,500
1788528716.4857323,65,0.8205883622169494,0,1,500
1788528726.485799,55,0.7723836302757263,1,2,500
1788528736.489856,313,0.7872296929359436,1,1,500
1788528746.4924483,33,0.8180879354476929,0,1,500
1788528756.5028355,55,0.7632150888442993,0,2,500
1788528766.5309737,538,0.8203265547752381,1,1,500
1788528777.547684,41,0.7816557089487711,0,1,500
1788528788.5207698,43,0.865729284286499,0,0,500
1788528799.5590332,385,0.774336596330007,1,0,500
1788528809.5917356,71,0.8167673826217652,0,0,500
1788528820.538437,55,0.6891840934753418,0,2,500
1788528830.5479138,298,0.8401330828666687,1,0,500
1788528840.5490773,47,0.8007278442382812,0,0,500
1788528851.5853717,73,0.7478416661421458,0,2,500
1788528861.6397784,208,0.811089551448822,1,0,500
1788528872.5530283,45,0.8445066332817077,0,2,500
1788528882.5684493,61,0.7792162299156189,0,1,500
1788528893.5976498,258,0.815998320778211,0,0,500
1788528903.6233664,53,0.8370637893676758,0,0,500
1788528913.6341465,498,0.8805074095726013,1,0,500
1788528924.5896907,64,0.7762284994125366,0,0,500
1788528934.5900986,62,0.7896056771278381,1,0,500
1788528944.5999153,307,0.7982325434684754,2,1,500
1788528954.6136377,74,0.8592035293579101,0,0,500
1788528965.6286492,62,0.7825759251912435,0,3,500
1788528975.6590025,193,0.8724971055984497,1,1,500
1788528986.618541,61,0.85728679895401,0,0,500
1788528996.633266,66,0.8128499984741211,0,1,500
1788529007.651263,526,0.8541203240553538,1,0,500
1788529017.6631541,62,0.7545918583869934,1,0,500
1788529028.6307914,65,0.7559385538101197,1,0,500
1788529038.651648,344,0.7925015091896057,2,0,500
1788529049.6765597,72,0.7193030913670858,0,1,500
1788529059.6891801,60,0.7839017629623413,0,2,500
1788529069.6893768,506,0.7847615122795105,1,2,500
1788529079.7369356,51,0.8021888613700867,2,0,500
1788529090.692237,47,0.752211046218872,0,1,500
1788529101.7189996,213,0.8312910298506418,1,1,500
1788529112.6886652,61,0.8264475464820862,1,0,500
1788529123.725138,219,0.8403881788253784,1,0,500
1788529133.7549896,41,0.8046355247497559,0,2,500
1788529144.7047174,58,0.7204591393470764,0,1,500
1788529154.7228842,546,0.8705343961715698,1,0,500
1788529164.7387316,51,0.6195077359676361,0,2,500
1788529175.7585542,71,0.6976053516070048,1,1,500
1788529186.732513,431,0.7720379829406738,0,1,500
1788529197.7640116,59,0.8265041212240855,0,1,500
1788529207.7714064,40,0.746315062046051,0,1,500
1788529217.7939086,534,0.7373247385025025,2,1,500
1788529228.7519975,77,0.8270578145980835,0,0,500
1788529238.761476,30,0.776476776599884,0,1,500
1788529249.799993,234,0.727402905623118,1,0,500
1788529259.8053648,42,0.7575745940208435,1,1,500
1788529269.8138885,51,0.7518566250801086,0,0,500
1788529280.776217,413,0.8527097463607788,1,0,500
1788529290.7786272,73,0.8383930683135986,0,0,500
1788529300.7856007,63,0.735118281841278,0,1,500
1788529311.80861,260,0.8081695238749186,1,0,500
1788529321.8401806,58,0.7904722332954407,0,1,500
1788529332.8047724,56,0.803895914554596,0,1,500
1788529343.8382063,290,0.6912555396556854,1,2,500
1788529353.8686926,63,0.8372915029525757,0,0,500
1788529364.8242846,217,0.8444774985313416,1,1,500
1788529374.8267229,69,0.826907753944397,0,0,500
1788529384.830387,40,0.6726651191711426,1,1,500
1788529395.855682,556,0.8033161262671152,1,1,500
1788529405.8950148,47,0.7944016337394715,0,0,500
1788529416.8509932,20,0.7585855841636657,0,2,500
1788529427.8685284,231,0.8473944664001465,1,1,500
1788529437.9002743,28,0.795680820941925,0,0,500
1788529448.8548768,61,0.8212873935699463,1,0,500
1788529458.8564575,542,0.8143130660057067,1,0,500
1788529469.8978162,66,0.8851871490478516,0,0,500
1788529479.9027827,69,0.7520323276519776,0,0,500
1788529489.909238,343,0.7625072598457336,1,1,500
1788529500.897722,55,0.7410048246383667,0,0,500
1788529511.918514,83,0.7727059225241343,0,0,500
1788529521.9469855,468,0.7901660442352295,0,1,500
1788529532.8997126,45,0.8275410175323487,0,1,500
1788529542.9502285,49,0.7227065324783325,0,1,500
1788529553.9702168,495,0.7661118904749552,1,0,500
1788529564.9180713,83,0.8349756360054016,2,0,500
1788529574.920073,311,0.8957859873771667,1,1,500
1788529584.920532,45,0.7795683145523071,2,0,500
1788529594.9346356,69,0.805099892616272,0,0,500
1788529605.962539,492,0.849971185127894,1,0,500
1788529615.9845304,57,0.7548168778419495,0,1,500
1788529625.9926207,63,0.7437857985496521,0,1,500
1788529636.9551697,302,0.8154917359352112,0,2,500
1788529646.957219,47,0.7732243657112121,0,1,500
1788529656.9669902,45,0.6720128893852234,1,0,500
1788529666.9709644,455,0.6299477577209472,1,3,500
1788529677.9955122,64,0.7515711386998495,0,1,500
1788529688.016675,48,0.7872050881385804,1,0,500
1788529698.0232568,409,0.7959762632846832,1,1,500
1788529708.990627,38,0.7292100071907044,1,0,500
1788529719.0200753,67,0.7915927529335022,0,1,500
1788529730.0284288,479,0.7807126740614573,1,1,500
1788529740.043807,30,0.7955225825309753,0,2,500
1788529750.0576594,56,0.8555797219276429,0,0,500
1788529761.0245926,329,0.7292440414428711,1,1,500
1788529772.0404243,55,0.786018967628479,1,0,500
1788529782.0477183,64,0.734274399280548,0,1,500
1788529792.071064,531,0.7945852756500245,1,1,500
1788529802.0780606,38,0.6824818015098572,0,2,500
1788529813.0480666,70,0.8181041955947876,0,1,500
1788529824.084535,503,0.8297059337298075,3,0,500
1788529835.048259,57,0.8118329048156738,0,0,500
1788529845.0632458,500,0.8499502778053284,1,0,500
1788529855.0766892,45,0.7335757255554199,0,0,500
1788529866.115544,67,0.8439696331818899,0,1,500
1788529876.1264923,260,0.8337559938430786,1,2,500
1788529887.0713482,55,0.8463415265083313,1,0,500
1788529897.0840547,57,0.7508686423301697,0,2,500
1788529907.0867186,235,0.830667781829834,1,1,500
1788529917.1073523,48,0.77766273021698,0,0,500
1788529927.1125512,64,0.6983563899993896,0,0,500
1788529937.1524687,298,0.9092509984970093,1,0,500
1788529948.1665251,56,0.8578851918379465,0,0,500
1788529958.1709104,68,0.8348312139511108,0,0,500
1788529969.1237183,469,0.6873396337032318,1,1,500
1788529979.1342552,66,0.7078842639923095,0,3,500
1788529989.171306,40,0.7343226730823517,0,0,500
1788530000.1829088,472,0.8694016436735789,1,1,500
1788530011.1496897,16,0.8023637890815735,1,1,500
1788530022.1810565,44,0.7971472839514414,0,0,500
1788530032.2045965,293,0.8746784448623657,2,0,500
1788530043.1683066,53,0.7204832792282104,1,1,500
1788530054.203374,270,0.8401452402273814,1,1,500
1788530064.217045,43,0.7392055869102478,0,1,500
1788530075.1801202,43,0.8007694721221924,0,1,500
1788530085.1923766,360,0.7672218322753906,1,1,500
1788530096.2225947,70,0.8190491000811259,0,2,500
1788530106.23086,46,0.7728933811187744,0,1,500
1788530116.2442238,460,0.8004003763198853,1,2,500
1788530127.201281,58,0.743859612941742,0,3,500
1788530137.224032,36,0.7373352646827698,0,2,500
1788530148.240174,227,0.7957185010115305,2,2,500
1788530158.2592835,48,0.8521635174751282,0,1,500
1788530169.217422,41,0.821694016456604,0,1,500
1788530179.226004,518,0.7511999607086182,2,0,500
1788530189.2281303,51,0.8199174046516419,1,1,500
1788530199.250346,67,0.6973817229270936,1,2,500
1788530210.2681403,468,0.7333259781201681,1,2,500
1788530220.2743657,43,0.7853737115859986,0,1,500
1788530231.2669394,43,0.8197787761688232,0,1,500
1788530241.3037057,183,0.8287382125854492,1,1,500
1788530251.4275146,43,0.8703074336051941,0,1,500
1788530262.3178608,87,0.7680827329556147,2,0,500
1788530272.3241334,377,0.7770027279853821,2,0,500
1788530282.325395,37,0.7488392114639282,1,0,500
1788530292.3373642,36,0.7942068338394165,1,1,500
1788530302.3519351,270,0.7953498005867005,2,0,500
1788530313.307775,63,0.7893733620643616,0,2,500
1788530323.3211293,46,0.8242663741111755,0,2,500
1788530334.343836,504,0.7398343483606974,0,2,500
1788530344.363895,65,0.7842377364635468,0,1,500
1788530354.3713686,510,0.8808474898338318,0,1,500
1788530364.3756964,78,0.8161473751068116,0,0,500
1788530374.3778107,41,0.8274917602539062,0,1,500
1788530384.3828409,467,0.8326385021209717,1,1,500
1788530394.3897302,54,0.8336418151855469,2,0,500
1788530404.405864,33,0.7153473615646362,0,2,500
1788530415.3506806,519,0.858698558807373,1,0,500
1788530426.3797398,59,0.7839336891969045,0,1,500
1788530436.403983,29,0.8053596377372741,0,0,500
1788530446.4080462,354,0.724873811006546,1,1,500
1788530456.4314497,68,0.8500170230865478,0,0,500
1788530467.384213,63,0.7702987909317016,0,2,500
1788530477.3886187,486,0.7355010986328125,2,1,500
1788530487.4099474,45,0.8638362884521484,0,0,500
1788530498.429636,62,0.7885776956876119,0,0,500
1788530508.4514236,404,0.8589696764945984,1,0,500
1788530519.4078043,77,0.7662638068199158,0,2,500
1788530529.411498,34,0.8344812035560608,0,1,500
1788530540.4472253,399,0.7621680994828542,1,0,500
1788530550.4729705,27,0.7774471759796142,0,1,500
1788530561.4207964,48,0.7407073259353638,0,1,500
1788530571.4433205,353,0.8571732878684998,1,0,500
1788530582.4604573,56,0.7715367476145426,0,1,500
1788530592.4910395,39,0.7875723481178284,0,1,500
1788530602.5049992,239,0.7341272354125976,1,1,500
1788530613.4575844,33,0.8378467798233032,0,1,500
1788530623.4756103,57,0.8080045223236084,0,1,500
1788530633.4897735,437,0.7443217992782593,1,1,500
1788530644.5085316,72,0.7557138403256735,1,0,500
1788530654.5157335,548,0.73021559715271,1,1,500
1788530665.4876847,48,0.767682421207428,0,1,500
1788530675.4929729,68,0.6779690265655518,0,2,500
1788530686.5361888,520,0.7963480552037557,1,2,500
1788530696.5421631,61,0.8705499768257141,0,1,500
1788530706.542425,37,0.8743810057640076,0,1,500
1788530716.5478253,246,0.8935099482536316,2,0,500
1788530726.5504458,35,0.7204998850822448,0,1,500
1788530736.5550513,84,0.7329029440879822,0,1,500
1788530746.5700703,209,0.8553407192230225,2,0,500
1788530757.5606248,52,0.8450581073760987,0,1,500
1788530768.5922918,67,0.8195386230945587,1,0,500
1788530779.537506,426,0.8524209260940552,1,0,500
1788530789.5505197,40,0.8745487689971924,0,0,500
1788530799.5583408,62,0.7615261554718018,0,1,500
1788530810.5780585,394,0.8295073807239532,1,1,500
1788530820.5963132,67,0.7794822573661804,0,1,500
1788530830.6174037,73,0.8010624766349792,1,2,500
1788530841.5861642,442,0.7922906041145324,1,1,500
1788530852.6068501,56,0.7302246193091074,0,1,500
1788530862.6158943,76,0.7898149847984314,1,0,500
1788530872.6361966,517,0.73188636302948,0,2,500
1788530883.6024559,64,0.7272812962532044,0,1,500
1788530893.605407,66,0.8049263834953309,1,0,500
1788530903.6160972,417,0.7227663993835449,1,2,500
1788530914.6330066,63,0.7595023612181345,0,0,500
1788530924.6547873,276,0.8342696905136109,0,1,500
1788530934.6623728,40,0.8441520214080811,0,0,500
1788530945.6216066,74,0.8674666285514832,0,0,500
1788530955.630721,304,0.6959274053573609,1,1,500
1788530966.659611,45,0.8001055469115576,0,0,500
1788530976.665349,62,0.7779284000396729,0,0,500
1788530986.6729214,543,0.7850633978843689,1,1,500
1788530996.6796365,47,0.8485388278961181,0,1,500
1788531006.6863344,34,0.7693540215492248,1,1,500
1788531016.7014117,448,0.8724204659461975,1,1,500
1788531027.6734273,18,0.807996666431427,0,3,500
1788531037.6779954,56,0.864883029460907,0,0,500
1788531048.7055457,371,0.7225165565808614,1,1,500
1788531059.6844552,63,0.7720650792121887,0,1,500
1788531069.706208,70,0.7135660529136658,0,2,500
1788531080.7290175,514,0.8042468428611755,1,0,500
1788531090.7360659,46,0.7761898756027221,0,1,500
1788531100.7480743,40,0.777422308921814,0,1,500
1788531111.6970356,415,0.8006726622581481,1,0,500
1788531121.706072,44,0.7060118317604065,0,1,500
1788531131.7109237,38,0.7366477727890015,0,1,500
1788531141.722749,364,0.6694921016693115,0,2,500
1788531151.7265015,68,0.7903513312339783,0,1,500
1788531161.7358851,53,0.8088262796401977,0,1,500
1788531171.7378976,354,0.7675247907638549,1,2,500
1788531182.7717483,73,0.8452886839707693,0,0,500
1788531192.7786403,60,0.8915780067443848,0,0,500
1788531202.8035553,469,0.7768963813781739,1,1,500
1788531213.7611,37,0.7599291205406189,0,0,500
1788531223.7613661,56,0.7876712560653687,1,1,500
1788531233.7829463,437,0.8391319990158081,1,2,500
1788531244.807894,77,0.7565111319224039,0,2,500
1788531255.7995515,221,0.8635796546936035,1,0,500
1788531266.805227,78,0.7525859673817953,1,1,500
1788531276.8280091,69,0.8481393218040466,0,0,500
1788531286.8447242,470,0.8275164365768433,0,2,500
1788531297.7974858,37,0.8513122200965881,0,0,500
1788531308.8248727,57,0.8241312205791473,0,0,500
1788531318.8380933,371,0.7659127116203308,1,0,500
1788531328.8604436,59,0.8260185956954956,0,0,500
1788531339.8208575,58,0.754412031173706,0,0,500
1788531349.8213172,495,0.6861312866210938,2,3,500
1788531359.8315003,73,0.803180205821991,0,1,500
1788531370.8730905,61,0.7543327311674753,0,2,500
1788531380.8764422,384,0.7796841263771057,1,1,500
1788531390.8799493,59,0.8133765816688537,1,0,500
1788531400.8866901,59,0.824725890159607,0,1,500
1788531410.8929484,399,0.6990177631378174,2,2,500
1788531420.9021237,35,0.8003961324691773,0,1,500
1788531430.9229822,39,0.7777225971221924,0,0,500
1788531441.8806896,468,0.8418362975120545,2,0,500
1788531452.9211628,67,0.8189131518205007,0,2,500
1788531463.89016,68,0.8020357608795166,0,1,500
1788531473.8913202,238,0.8345522284507751,1,0,500
1788531484.92611,82,0.8396020630995432,1,0,500
1788531494.9776843,222,0.834122383594513,2,0,500
1788531505.9016411,38,0.8220749020576477,0,0,500
1788531515.9102437,35,0.8670470952987671,1,0,500
1788531526.927733,202,0.7984355588754019,1,1,500
1788531536.9503274,86,0.8202492356300354,0,1,500
1788531546.951153,60,0.8617322683334351,0,0,500
1788531556.95978,401,0.7734906196594238,1,0,500
1788531567.9282212,44,0.801974868774414,1,1,500
1788531577.9344795,24,0.7154781341552734,0,1,500
1788531587.9456587,299,0.7103979468345643,1,0,500
1788531597.9522076,62,0.7477109670639038,0,1,500
1788531607.9532564,49,0.7432716131210327,0,2,500
1788531617.9588094,191,0.6473780870437622,0,1,500
1788531627.9607012,51,0.8016408562660218,0,3,500
1788531639.0046961,89,0.7810499767462412,0,0,500
1788531649.0285687,494,0.7258912622928619,1,0,500
1788531659.0424094,66,0.8308575987815857,1,0,500
1788531669.985178,51,0.7790993213653564,0,1,500
1788531679.9974012,209,0.855838680267334,1,0,500
1788531691.0261283,60,0.7325300772984823,1,2,500
1788531702.0113482,60,0.721316123008728,0,0,500
1788531713.0370386,317,0.7903622488180796,1,1,500
1788531723.0543773,47,0.8363170027732849,0,0,500
1788531733.0601804,33,0.7897455096244812,1,0,500
1788531743.073594,312,0.7021225214004516,1,0,500
1788531754.044979,44,0.7991641402244568,0,2,500
1788531765.089266,273,0.7789588967959086,2,0,500
1788531776.0369847,67,0.823126494884491,1,0,500
1788531786.0524187,51,0.843381667137146,0,1,500
1788531796.0528493,255,0.7224514484405518,1,0,500
1788531806.0584002,77,0.8065036058425903,0,2,500
1788531817.0925171,69,0.7283581296602885,0,1,500
1788531828.065721,373,0.7221413969993591,1,3,500
1788531838.0815692,78,0.766419279575348,0,1,500
1788531849.1056206,67,0.8399788935979208,1,1,500
1788531859.1427119,478,0.6803947210311889,1,3,500
1788531869.1501155,45,0.8107163608074188,0,0,500
1788531880.0954607,65,0.7616170525550843,1,0,500
1788531890.1016655,270,0.8373527884483337,1,0,500
1788531900.1073296,45,0.7753014445304871,0,1,500
1788531910.1209185,43,0.704790198802948,0,3,500
1788531920.1241589,254,0.7876188278198242,3,1,500
1788531931.1442752,70,0.7377161333958308,0,3,500
1788531941.1671696,53,0.8009336113929748,2,0,500
1788531951.1903522,456,0.8188502788543701,0,1,500
1788531962.1353953,44,0.8623033404350281,0,0,500
1788531972.1444128,59,0.8241533875465393,0,0,500
1788531982.1462493,429,0.765204656124115,1,0,500
1788531992.1734624,61,0.6465724349021912,0,3,500
1788532002.1993608,32,0.7656315207481384,1,2,500
1788532012.2397134,485,0.7744299829006195,0,2,500
1788532023.2467625,30,0.6916793286800385,0,4,500
1788532033.2471867,26,0.7652151107788085,0,0,500
1788532043.2540553,243,0.8263074874877929,0,2,500
1788532054.1998746,64,0.8094519376754761,0,0,500
1788532064.221668,61,0.74680255651474,1,1,500
1788532075.2582827,295,0.7372037172317505,1,2,500
1788532086.2227564,31,0.7746653437614441,0,1,500
1788532096.2337327,332,0.8564669013023376,1,1,500
1788532107.2697153,61,0.8209472000598907,0,1,500
1788532117.288313,52,0.7401671886444092,0,0,500
1788532127.3086739,257,0.6901775300502777,2,0,500
1788532138.235765,45,0.7791226387023926,0,1,500
1788532148.264733,47,0.8789345383644104,1,0,500
1788532158.290877,254,0.7305054426193237,1,2,500
1788532169.3098269,67,0.7837677796681722,0,1,500
1788532180.275341,51,0.8031193852424622,0,1,500
1788532190.306875,297,0.8010910630226136,2,1,500
1788532200.3273668,54,0.6966105699539185,1,1,500
1788532211.3436363,52,0.7940237124760946,0,1,500
1788532221.3701553,249,0.8709632635116578,1,0,500
1788532231.38248,51,0.7171473145484925,0,1,500
1788532242.342914,39,0.7949671745300293,0,1,500
1788532253.3524415,374,0.8444965779781342,1,0,500
1788532263.3735044,57,0.8293807506561279,0,1,500
1788532273.3966753,55,0.797717559337616,0,0,500
1788532283.4020994,265,0.7550534009933472,3,1,500
1788532293.4280496,37,0.7627023458480835,0,1,500
1788532304.3694701,50,0.8930962085723877,0,0,500
1788532314.3792496,448,0.8285121917724609,1,0,500
1788532324.4027328,28,0.7666887998580932,1,1,500
1788532334.4246018,58,0.7096921503543854,0,1,500
1788532345.409959,342,0.8383447229862213,1,0,500
1788532355.460478,30,0.8302259922027588,0,1,500
1788532366.444959,456,0.8324524998664856,1,0,500
1788532376.4498303,58,0.7693024635314941,0,1,500
1788532386.48262,76,0.8483279585838318,0,1,500
1788532397.4867556,290,0.8373769919077555,2,0,500
1788532408.4737675,54,0.8247607588768006,0,1,500
1788532419.4929605,63,0.7336917022864023,0,2,500
1788532430.4794595,523,0.805707311630249,1,1,500
1788532441.4873252,88,0.8158966501553854,2,0,500
1788532451.5301511,56,0.8570106387138366,0,1,500
1788532462.4821854,332,0.805543041229248,1,0,500
1788532473.5077903,72,0.7532465358575186,0,3,500
1788532483.5597532,71,0.7489693403244019,0,2,500
1788532494.5092611,340,0.7517549633979798,0,0,500
1788532504.5242608,36,0.7364320039749146,0,1,500
1788532514.5327203,63,0.7961021780967712,0,1,500
1788532525.576326,250,0.8552216986815134,1,0,500
1788532535.5784736,60,0.7393947243690491,1,1,500
1788532545.6270795,522,0.8252286434173584,2,0,500
1788532556.536299,52,0.749624764919281,0,1,500
1788532566.5485137,54,0.8295041799545289,0,0,500
1788532576.5527408,456,0.573289942741394,1,2,500
1788532586.5830476,58,0.7959513068199158,0,0,500
1788532597.59861,53,0.8115558723608652,0,0,500
1788532607.6763175,326,0.9126713037490845,1,0,500
1788532618.592104,32,0.7714409828186035,0,1,500
1788532629.629581,83,0.7814048727353414,0,0,500
1788532639.6803112,442,0.7707510828971863,2,0,500
1788532650.6054463,55,0.7823814392089844,0,1,500
1788532661.633297,68,0.7949769298235575,0,0,500
1788532671.7223318,520,0.8310579061508179,1,1,500
1788532682.617319,77,0.7659586310386658,0,2,500
1788532692.6271996,63,0.6847716093063354,0,3,500
1788532703.6643918,351,0.8629803856213888,1,0,500
1788532713.698279,43,0.7071774721145629,0,2,500
1788532724.6498847,63,0.8215160489082336,0,1,500
1788532735.6801257,447,0.7817991276582082,1,0,500
1788532745.7022424,58,0.7303031921386719,0,1,500
1788532756.6554382,350,0.8926355361938476,1,0,500
1788532766.6639872,45,0.8802870988845826,0,0,500
1788532776.6686597,70,0.7915926694869995,0,0,500
1788532786.6762228,223,0.8637971639633178,1,0,500
1788532797.7012272,52,0.6991830964883169,1,1,500
1788532807.7154155,33,0.7405382633209229,0,1,500
1788532817.7254648,473,0.7969159126281739,1,0,500
1788532828.690188,71,0.8354219675064087,0,0,500
1788532838.6904573,52,0.7285568594932557,0,1,500
1788532848.7109942,347,0.7615027904510498,0,3,500
1788532859.750804,59,0.857481837272644,0,0,500
1788532869.7615676,38,0.6681750774383545,0,2,500
1788532880.699459,538,0.7816938638687134,1,1,500
1788532890.7253268,46,0.7088899612426758,0,2,500
1788532900.7388654,28,0.8613881945610047,0,1,500
1788532911.7515464,411,0.7946805655956268,2,2,500
1788532921.7637608,66,0.8133663892745971,0,0,500
1788532931.7861621,49,0.8031857490539551,0,1,500
1788532942.7424014,205,0.7365061283111572,1,0,500
1788532952.7566152,50,0.8822893500328064,0,0,500
1788532962.7607017,60,0.7726663231849671,0,2,500
1788532972.7729955,235,0.8046760439872742,1,1,500
1788532982.7811048,50,0.7154958844184875,0,0,500
1788532992.7836103,60,0.7929261803627015,0,1,500
1788533002.810855,437,0.7177529335021973,1,1,500
1788533013.8476894,65,0.7575464049975077,0,1,500
1788533023.8666134,52,0.8348670244216919,0,0,500
1788533033.8959901,433,0.7159845232963562,2,2,500
1788533044.840653,22,0.8762709856033325,0,0,500
1788533054.8486001,73,0.7245734930038452,1,2,500
1788533064.880293,366,0.7819824814796448,1,1,500
1788533074.8900928,69,0.8591679692268371,0,0,500
1788533084.8901205,32,0.8716591119766235,0,0,500
1788533094.8906014,302,0.8390192508697509,1,0,500
1788533104.9064722,54,0.806110143661499,1,1,500
1788533114.9196668,53,0.7041808605194092,0,2,500
1788533125.9471438,336,0.7668556769688925,1,2,500
1788533136.0081246,46,0.8805993556976318,0,0,500
1788533146.9533453,366,0.8029097199440003,1,0,500
1788533156.981881,56,0.7868427276611328,0,0,500
1788533167.9840913,75,0.6693584471940994,0,1,500
1788533178.021934,456,0.8201462984085083,0,1,500
1788533188.9644272,67,0.819826877117157,0,0,500
1788533198.9855058,39,0.6956640660762787,0,1,500
1788533208.9953852,364,0.8649738430976868,1,0,500
1788533218.9989564,47,0.6963537216186524,0,1,500
1788533230.0297718,45,0.7461924999952316,1,1,500
1788533240.0460923,247,0.8121963500976562,2,2,500
1788533250.0524452,65,0.7987070322036743,0,1,500
1788533261.0279794,60,0.8062488675117493,0,0,500
1788533271.040529,258,0.8062173843383789,2,0,500
1788533281.0582707,59,0.8335776567459107,0,1,500
1788533292.0797234,51,0.8172998825709025,0,0,500
1788533303.0570858,230,0.7690846204757691,3,0,500
1788533313.0713036,69,0.704299020767212,0,1,500
1788533323.0891461,51,0.7621347308158875,0,2,500
1788533333.1191325,210,0.8473539471626281,1,0,500
1788533344.1461203,59,0.8396197954813639,0,1,500
1788533355.09351,61,0.7917771935462952,0,0,500
1788533365.1133654,340,0.7666987717151642,0,1,500
1788533375.140522,43,0.7686721205711364,0,2,500
1788533386.1596324,547,0.7139612138271332,2,2,500
1788533397.1359448,47,0.8610177278518677,0,0,500
1788533408.1786516,59,0.8460531632105509,0,0,500
1788533418.1897478,399,0.8559191584587097,1,0,500
1788533428.2302089,39,0.835692310333252,0,2,500
1788533439.1387205,42,0.7426917910575866,0,1,500
1788533449.175825,244,0.7940758109092713,1,1,500
1788533459.2046201,48,0.8730219602584839,1,0,500
1788533470.2250183,63,0.7327835659186045,0,3,500
1788533481.1722794,386,0.875278115272522,1,0,500
1788533491.1791902,66,0.8326931953430176,1,0,500
1788533501.1891942,55,0.7597709059715271,1,0,500
1788533511.199358,526,0.8046818375587463,2,0,500
1788533521.2135375,34,0.7416083097457886,0,2,500
1788533532.2540867,62,0.7880088637272517,0,0,500
1788533542.2715065,253,0.8158259630203247,2,0,500
1788533553.2412117,50,0.8132891893386841,0,0,500
1788533564.2501378,69,0.8352591792742411,0,1,500
1788533574.2726896,347,0.7319655418395996,0,1,500
1788533584.2933097,66,0.7929750800132751,0,0,500
1788533594.300519,73,0.7488332211971283,1,1,500
1788533604.3059924,354,0.858177638053894,1,0,500
1788533614.3176699,52,0.7252947330474854,1,3,500
1788533624.3248508,62,0.8416856050491333,0,0,500
1788533635.2900498,520,0.7775318026542664,0,1,500
1788533645.3025017,61,0.7003406524658203,0,2,500
1788533656.3251624,332,0.8049693604310354,1,3,500
1788533666.3432994,34,0.7776244044303894,0,0,500
1788533676.3499649,48,0.760417377948761,1,1,500
1788533687.3010468,230,0.78974529504776,1,1,500
1788533697.3156369,45,0.7049540996551513,0,1,500
1788533708.3529456,72,0.7405446966489156,0,2,500
1788533718.374792,255,0.7950571775436401,1,0,500
1788533729.3379195,51,0.7875238418579101,1,0,500
1788533739.3413105,53,0.8213890075683594,0,1,500
1788533749.3509357,381,0.7811392664909362,0,1,500
1788533760.3745792,44,0.7864038546880087,0,2,500
1788533770.4059448,55,0.7251174628734589,0,2,500
1788533780.4090524,314,0.8058874130249023,1,1,500
1788533791.3814714,61,0.7908105969429016,0,0,500
1788533802.4186525,70,0.7950713237126669,0,2,500
1788533813.3804574,207,0.7465191960334778,1,1,500
1788533824.4236357,54,0.7909939785798391,0,2,500
1788533834.4490354,60,0.8372804641723632,0,0,500
1788533845.4038224,482,0.7810809254646301,1,2,500
1788533855.4539576,68,0.8422224402427674,1,1,500
1788533865.470205,43,0.6939172565937042,1,2,500
1788533876.5004258,322,0.8054948548475901,1,2,500
1788533886.5108323,62,0.7344747900962829,0,1,500
1788533897.455797,385,0.7809076309204102,1,0,500
1788533907.4858098,70,0.8562734365463257,0,0,500
1788533917.4934533,48,0.835887336730957,0,0,500
1788533928.515686,250,0.888132651646932,1,0,500
1788533938.5485606,51,0.7969849467277527,0,1,500
1788533949.493189,72,0.7502494812011719,0,1,500
1788533959.5097315,371,0.7836408257484436,1,1,500
1788533969.5190656,63,0.7962163686752319,0,0,500
1788533979.519776,59,0.6962714672088623,1,2,500
1788533989.5223484,500,0.746515691280365,0,3,500
1788533999.5580428,53,0.7253879427909851,0,3,500
1788534010.5913618,58,0.7574889262517294,0,2,500
1788534021.5381026,412,0.7320505023002625,2,1,500
1788534031.561198,44,0.8199504137039184,1,1,500
1788534041.5803347,37,0.8103133082389832,0,0,500
1788534052.609827,516,0.8013900518417358,0,1,500
1788534063.5545394,50,0.7969192147254944,0,1,500
1788534073.580273,38,0.7966972708702087,0,1,500
1788534083.6002862,396,0.8508941054344177,0,1,500
1788534093.6149344,56,0.8760146498680115,0,0,500
1788534104.6487503,66,0.8091806073983511,0,1,500
1788534114.659262,374,0.833978283405304,1,2,500
1788534125.621769,43,0.7673421740531922,0,0,500
1788534135.6363604,61,0.868343460559845,0,0,500
1788534146.6603682,460,0.7313069601853689,2,1,500
1788534156.6757078,69,0.7762166857719421,0,2,500
1788534167.638869,385,0.8129668354988098,1,0,500
1788534177.648003,54,0.71240074634552,0,0,500
1788534187.674129,45,0.7574050426483154,1,0,500
1788534198.696009,266,0.7974075873692831,1,1,500
1788534208.6983647,28,0.7316821455955506,1,0,500
1788534218.7113369,50,0.7077234387397766,1,1,500
1788534228.7385929,314,0.8542905449867249,2,0,500
1788534238.7432506,41,0.8016964554786682,0,0,500
1788534249.695676,59,0.8240776777267456,1,0,500
1788534259.7055383,251,0.7923558592796326,1,0,500
1788534269.7071593,38,0.8350858926773072,0,1,500
1788534279.7162082,57,0.8457944393157959,0,1,500
1788534289.7365959,392,0.8363863468170166,1,0,500
1788534300.7813907,50,0.817650705575943,0,1,500
1788534310.7916245,50,0.7572919845581054,0,2,500
1788534321.7462695,338,0.897280466556549,1,0,500
1788534331.7736888,16,0.8096614003181457,0,1,500
1788534341.7908776,28,0.8374380350112915,0,2,500
1788534352.816445,411,0.7538479864597321,2,0,500
1788534362.831417,31,0.756806242465973,1,0,500
1788534372.8520975,60,0.7128210067749023,0,0,500
1788534383.798275,241,0.8345672845840454,1,0,500
1788534393.8161407,67,0.8110400080680847,0,1,500
1788534404.8442955,64,0.7348242302735647,0,0,500
1788534414.8455522,229,0.7669575214385986,1,1,500
1788534424.852942,42,0.6804775953292846,0,1,500
1788534434.8807108,62,0.7847223162651062,0,0,500
1788534445.8377826,401,0.8128832340240478,1,0,500
1788534455.861333,37,0.7783775448799133,0,1,500
1788534465.8644235,55,0.8729880332946778,1,0,500
1788534476.8803766,289,0.6938884754975637,1,2,500
1788534486.9097793,60,0.8718136548995972,0,0,500
1788534496.9149537,295,0.8194598317146301,1,0,500
1788534507.887553,67,0.7584897875785828,0,0,500
1788534518.9179215,58,0.8282643357912699,0,0,500
1788534528.9276845,297,0.7127797365188598,2,1,500
1788534539.8947291,33,0.843864917755127,0,0,500
1788534550.934269,91,0.753720760345459,0,2,500
1788534560.9376156,456,0.7206073880195618,0,2,500
1788534570.939746,49,0.8941424489021301,0,0,500
1788534580.967729,67,0.7747570753097535,0,2,500
1788534590.986722,400,0.7952512025833129,1,1,500
1788534601.9323683,43,0.8328707575798034,0,1,500
1788534612.960536,60,0.8355286220709482,1,1,500
1788534622.9621272,525,0.826275372505188,1,0,500
1788534632.9810426,59,0.7768192529678345,0,1,500
1788534642.987273,48,0.7986150026321411,0,1,500
1788534653.007918,207,0.7390170931816101,2,0,500
1788534663.9950345,45,0.8889211177825928,0,1,500
1788534674.9980502,79,0.820215235153834,1,1,500
1788534685.9500406,340,0.7165114164352417,0,2,500
1788534695.964936,66,0.7919028401374817,0,2,500
1788534705.9898531,77,0.7728012323379516,0,0,500
1788534717.0277026,253,0.6983994742234548,1,3,500
1788534727.9961667,57,0.8982019305229187,0,0,500
1788534737.999811,370,0.7104085206985473,0,1,500
1788534748.0137763,65,0.7712851762771606,0,0,500
1788534759.0413806,48,0.7928311228752136,0,1,500
1788534769.0453024,381,0.8429216623306275,1,0,500
1788534779.0733278,57,0.808973240852356,1,0,500
1788534790.0432215,60,0.8678992629051209,0,0,500
1788534800.0472004,527,0.8151222109794617,1,0,500
1788534810.062953,39,0.784614086151123,0,1,500
1788534821.063044,67,0.8386138677597046,1,1,500
1788534831.0941586,294,0.8341774463653564,1,1,500
1788534841.1273744,39,0.7640313744544983,0,0,500
1788534852.0710678,46,0.8435206294059754,0,0,500
1788534863.1031148,423,0.8501626948515574,1,1,500
1788534873.11943,73,0.7984803915023804,0,1,500
1788534884.1135235,57,0.7731210827827454,0,2,500
1788534895.1185362,350,0.7940901716550192,1,2,500
1788534905.128763,49,0.7520110487937928,0,0,500
1788534915.1362572,52,0.7871858716011048,0,1,500
1788534925.1385689,310,0.7632991671562195,2,1,500
1788534935.1431227,41,0.7563392519950867,0,2,500
1788534945.2246022,52,0.7956655383110046,1,1,500
1788534956.1319609,377,0.8027834534645081,1,1,500
1788534966.1331623,39,0.7627816200256348,0,1,500
1788534976.1707847,66,0.7559443116188049,0,1,500
1788534987.1882634,546,0.8363813360532125,1,0,500
1788534997.1908963,42,0.8342709302902221,0,0,500
1788535008.1500208,342,0.836246645450592,1,1,500
1788535018.1591942,74,0.6867080807685852,0,0,500
1788535028.1807337,26,0.8247820377349854,0,0,500
1788535038.1870246,276,0.8165125846862793,1,1,500
1788535048.1988559,53,0.8084004521369934,0,1,500
1788535058.2105176,60,0.8976453900337219,1,0,500
1788535068.2154555,392,0.8598899006843567,2,1,500
1788535078.2310355,47,0.7591688513755799,2,0,500
1788535089.2687025,68,0.8265271981557211,0,1,500
1788535099.2721508,304,0.842697024345398,1,1,500
1788535109.275049,66,0.8600593686103821,0,0,500
1788535120.2612782,36,0.8266611576080323,0,0,500
1788535131.2954183,259,0.7552230755488077,0,3,500
1788535142.2603927,60,0.8396738409996033,0,1,500
1788535153.284543,46,0.7359850108623505,0,1,500
1788535163.3045394,217,0.7916749835014343,1,0,500
1788535173.306954,52,0.7542140126228333,0,1,500
1788535183.3165975,47,0.7483786702156067,0,0,500
1788535193.3196888,489,0.7566457629203797,2,1,500
1788535203.3264399,54,0.7587002992630005,0,1,500
1788535213.3521004,62,0.8326577186584473,1,0,500
1788535223.3629317,548,0.8281434059143067,2,0,500
1788535234.3149867,48,0.8222244262695313,0,1,500
1788535244.3188992,42,0.7350317955017089,0,1,500
1788535254.3218942,436,0.8455598831176758,1,1,500
1788535264.355538,49,0.8832300662994385,0,0,500
1788535275.361514,51,0.7419292430082957,1,1,500
1788535285.4008589,346,0.7782243251800537,0,1,500
1788535296.3511064,36,0.8705379843711853,0,0,500
1788535306.3526027,67,0.7685977518558502,0,1,500
1788535316.3621655,535,0.7981235384941101,1,2,500
1788535327.3824158,50,0.8212882975737253,0,0,500
1788535337.3971303,305,0.7827763319015503,1,2,500
1788535348.3567123,60,0.8415132999420166,0,0,500
1788535359.3826094,56,0.7747693657875061,1,1,500
1788535369.4011817,260,0.7983471632003785,1,0,500
1788535379.4248781,56,0.7807831764221191,1,2,500
1788535390.3823097,45,0.8350409269332886,0,0,500
1788535400.3935845,283,0.8266943097114563,3,0,500
1788535411.4209352,38,0.7936355570952097,0,0,500
1788535421.439744,61,0.7694573163986206,0,0,500
1788535431.4484034,239,0.7501577258110046,2,0,500
1788535441.4561908,50,0.8306855797767639,0,0,500
1788535452.404144,41,0.8751655459403992,0,0,500
1788535462.4205518,383,0.8477059006690979,0,2,500
1788535473.4398043,68,0.7423936724662781,0,0,500
1788535483.4467556,42,0.8322831511497497,0,1,500
1788535493.4604506,217,0.7087756156921386,1,1,500
1788535503.4744074,57,0.7788172483444213,0,1,500
1788535514.4452288,52,0.7972606658935547,0,1,500
1788535524.4460058,478,0.7099474787712097,0,2,500
1788535534.4544609,39,0.8435786604881287,0,1,500
1788535545.4664822,78,0.8330005804697672,0,0,500
1788535555.5034902,516,0.8183717966079712,2,0,500
1788535566.4445348,47,0.8280102252960205,0,1,500
1788535576.4654272,64,0.8830785870552063,1,0,500
1788535586.4837258,210,0.7602678418159485,1,1,500
1788535597.500191,62,0.7857582271099091,1,1,500
1788535607.527658,289,0.8647924900054932,1,0,500
1788535618.492921,60,0.8068640470504761,0,0,500
1788535629.5132418,37,0.8460211555163065,2,2,500
1788535639.521466,407,0.7905290722846985,1,0,500
1788535649.5302644,39,0.7195305109024048,0,0,500
1788535660.5218744,55,0.8516364336013794,2,0,500
1788535671.5103314,482,0.7173458139101664,2,1,500
1788535682.5222495,64,0.7556128859519958,0,3,500
1788535693.5518785,41,0.7587670286496481,0,0,500
1788535703.6224816,543,0.8646190643310547,2,0,500
1788535714.5231822,67,0.7500293374061584,0,1,500
1788535724.5328827,33,0.8491627216339112,0,1,500
1788535735.5741386,508,0.7869246502717336,1,1,500
1788535746.5244968,45,0.7777884244918823,0,1,500
1788535757.5461714,412,0.7549769580364227,1,0,500
1788535767.5913088,34,0.7626797914505005,0,2,500
1788535778.5624287,42,0.77599595785141,0,1,500
1788535789.5654757,436,0.7905171712239584,1,1,500
1788535799.5703592,70,0.7365301966667175,0,2,500
1788535810.5394163,51,0.7711436986923218,1,0,500
1788535820.5526943,414,0.8017997026443482,1,1,500
1788535830.5707877,67,0.8057143330574036,0,0,500
1788535841.5915127,67,0.8080451389153799,0,0,500
1788535851.6230059,332,0.723996102809906,1,0,500
1788535862.5769985,49,0.8513861894607544,0,0,500
1788535872.618855,35,0.8059007167816162,0,0,500
1788535883.6041791,394,0.8235107064247131,1,2,500
1788535893.6116934,74,0.7174600958824158,0,2,500
1788535904.6215475,34,0.8010923504829407,0,0,500
1788535915.5897462,217,0.7346634467442831,1,2,500
1788535925.6320376,67,0.8095082521438599,0,2,500
1788535936.6040401,47,0.7506831288337708,1,1,500
1788535947.6320815,272,0.7995908955732981,1,1,500
1788535957.6344376,39,0.8011233448982239,1,0,500
1788535967.6743872,413,0.8460177063941956,1,0,500
1788535978.6276987,50,0.8003574132919311,1,0,500
1788535989.636155,61,0.7999633451302847,0,0,500
1788535999.651405,552,0.8271982431411743,1,0,500
1788536010.6298156,38,0.7929070591926575,0,0,500
1788536020.6587205,67,0.8721977591514587,1,0,500
1788536031.694778,280,0.8277234335740408,1,2,500
1788536042.654887,63,0.8647027373313904,0,0,500
1788536052.6633482,37,0.886631965637207,1,0,500
1788536063.6879504,318,0.848873108625412,1,2,500
1788536074.6525667,36,0.7026546597480774,0,0,500
1788536084.6601043,42,0.8551018595695495,0,1,500
1788536094.66577,527,0.804172682762146,1,1,500
1788536104.671117,51,0.8208053708076477,1,0,500
1788536114.6869128,47,0.7261646151542663,2,0,500
1788536124.7348096,335,0.69383465051651,1,2,500
1788536135.740456,87,0.730003297328949,1,2,500
1788536146.7310982,35,0.7038056373596191,0,0,500
1788536156.7436013,327,0.7883528351783753,1,2,500
1788536167.7800133,61,0.7453819413979849,0,1,500
1788536177.7849994,429,0.8947462797164917,2,0,500
1788536188.7411366,64,0.7091160416603088,0,2,500
1788536199.7698414,69,0.7517151931921641,0,1,500
1788536209.7938375,455,0.7716550350189209,0,1,500
1788536220.7495446,52,0.8350252866744995,1,0,500
1788536230.7749217,23,0.8096213698387146,0,1,500
1788536241.7707422,200,0.8406026562054952,2,0,500
1788536251.7981744,73,0.7416394114494324,1,1,500
1788536262.7681847,59,0.8432782769203186,0,0,500
1788536273.7896461,235,0.8124507367610931,0,0,500
1788536283.8101792,53,0.8259369015693665,0,0,500
1788536294.7684438,38,0.8483042359352112,0,0,500
1788536304.7717237,480,0.8274847865104675,1,1,500
1788536314.805425,55,0.8260021328926086,0,0,500
1788536325.796442,61,0.7760112881660461,0,0,500
1788536335.8127916,286,0.6876957774162292,1,0,500
1788536345.8437445,50,0.8265819072723388,0,1,500
1788536356.8140202,45,0.6725603222846985,0,2,500
1788536367.8452928,546,0.7547889153162638,1,2,500
1788536378.8019574,55,0.748462975025177,1,0,500
1788536388.8039365,342,0.7721023440361023,1,1,500
1788536398.8084745,54,0.7409463047981262,0,0,500
1788536408.8359404,39,0.7245143234729767,0,2,500
1788536419.8497758,196,0.848476509253184,1,0,500
1788536429.8783596,31,0.7380212545394897,0,0,500
1788536440.8277574,62,0.7104603886604309,1,3,500
1788536451.859998,425,0.7929098804791769,1,0,500
1788536461.9243498,70,0.7946446299552917,0,0,500
1788536472.8854966,44,0.8181499600410461,1,0,500
1788536483.8834608,509,0.8140228490034739,1,1,500
1788536493.901588,34,0.7056346893310547,1,2,500
1788536504.8762271,54,0.8323105573654175,0,1,500
1788536515.895147,215,0.8150654236475626,1,0,500
1788536526.8805175,63,0.8165182709693909,0,1,500
1788536536.8845575,70,0.7735217690467835,1,0,500
1788536546.9067383,527,0.7539588034152984,2,1,500
1788536557.9188197,74,0.807072122891744,0,0,500
1788536567.9464815,199,0.8726146936416626,1,0,500
1788536578.8760817,71,0.6683868646621705,0,3,500
1788536588.897273,50,0.7156546473503113,1,0,500
1788536599.9218135,553,0.7346054464578629,0,1,500
1788536609.9414845,54,0.8243029356002808,0,0,500
1788536619.9631178,27,0.7948155641555786,0,0,500
1788536630.9003255,213,0.8568795680999756,1,1,500
1788536641.9215734,68,0.7511172294616699,0,0,500
1788536651.934492,41,0.7059502005577087,1,1,500
1788536661.9424858,358,0.7793954610824585,1,1,500
1788536672.948063,35,0.7625201225280762,1,0,500
1788536683.964773,75,0.7855397760868073,1,1,500
1788536694.9660575,515,0.8709402203559875,1,1,500
1788536705.9750035,68,0.7000084767738978,0,1,500
1788536716.9642973,83,0.8163577795028687,0,1,500
1788536727.9906628,209,0.8272364238897959,2,1,500
1788536739.0238712,55,0.6399735093116761,2,2,500
1788536749.998611,428,0.8313283324241638,1,0,500
1788536760.9581597,50,0.8196080565452576,0,1,500
1788536770.978335,58,0.7234729409217835,1,0,500
1788536781.979075,452,0.7022788325945536,1,2,500
1788536791.9927042,41,0.8102510809898377,0,1,500
1788536802.0133948,36,0.84284987449646,0,1,500
1788536812.031345,355,0.836489486694336,1,0,500
1788536822.9926672,38,0.8813466310501099,1,0,500
1788536833.0080118,31,0.7821217179298401,0,1,500
1788536843.0083132,284,0.8323305249214172,2,0,500
1788536853.0224473,56,0.7721024274826049,0,1,500
1788536864.0334425,73,0.7452796697616577,0,4,500
1788536874.0494936,439,0.8048424243927002,1,0,500
1788536884.0603092,44,0.8286491632461548,0,0,500
1788536895.036433,53,0.720615553855896,0,1,500
1788536905.0399258,349,0.8424731135368347,0,1,500
1788536916.0525467,56,0.8376785417397817,1,1,500
1788536926.0796824,34,0.7155766725540161,0,0,500
1788536936.0806248,329,0.7873358130455017,1,1,500
1788536947.0172846,63,0.7056566715240479,1,2,500
1788536957.0397248,67,0.8333317041397095,0,1,500
1788536967.0430741,365,0.7961719512939454,1,1,500
1788536978.0508945,66,0.762897993127505,0,2,500
1788536988.0993862,443,0.8216750502586365,1,0,500
1788536999.0507863,77,0.7789183616638183,0,1,500
1788537009.058176,51,0.839163887500763,0,2,500
1788537019.0775547,477,0.742815899848938,1,1,500
1788537030.098664,64,0.7439657747745514,0,1,500
1788537041.0620868,66,0.7292176723480225,0,2,500
1788537052.0841382,389,0.8510377804438273,2,0,500
1788537062.1255155,53,0.8555534482002258,1,1,500
1788537073.0908432,67,0.7696075558662414,0,2,500
1788537084.112009,496,0.7593512137730917,1,0,500
1788537094.1250632,53,0.7016201138496398,0,1,500
1788537105.0957882,51,0.8322882890701294,1,1,500
1788537115.109072,302,0.797304916381836,1,1,500
1788537126.1312516,53,0.7491078972816467,1,1,500
1788537136.137582,47,0.7840491771697998,0,1,500
1788537146.146494,476,0.7278325080871582,1,1,500
1788537157.1171057,47,0.6519853591918945,0,3,500
1788537167.132804,54,0.7789987802505494,0,1,500
1788537178.1297662,398,0.8018820981184641,1,1,500
1788537188.1654289,49,0.7587214946746826,0,1,500
1788537198.18484,400,0.849010169506073,0,1,500
1788537209.1459281,52,0.803719961643219,0,2,500
1788537219.1649888,53,0.8240795969963074,0,1,500
1788537229.1677847,313,0.9154106259346009,1,0,500
1788537240.1767273,57,0.7445860803127289,1,1,500
1788537250.1836898,74,0.7694504857063293,1,0,500
1788537260.204372,339,0.8506870031356811,1,0,500
1788537270.2182987,37,0.8078745007514954,0,1,500
1788537281.2098258,51,0.7964759945869446,1,0,500
1788537292.2172964,369,0.7607381343841553,1,1,500
1788537303.2090669,56,0.8415440797805787,0,1,500
1788537314.2258155,45,0.7933471500873566,0,0,500
1788537324.2513022,449,0.7861684322357178,1,2,500
1788537334.265106,50,0.7659855961799622,1,1,500
1788537345.2232347,52,0.6830199360847473,1,1,500
1788537355.2295372,263,0.8693368196487427,1,0,500
1788537366.2435358,40,0.7525324523448944,0,1,500
1788537376.265083,44,0.7173781275749207,0,2,500
1788537387.2512336,202,0.8750579833984375,1,0,500
1788537398.2707143,80,0.784208615620931,2,1,500
1788537408.283918,275,0.8491746068000794,1,0,500
1788537418.2980943,67,0.7430130124092102,1,2,500
1788537429.2619097,54,0.6662376224994659,0,1,500
1788537439.274104,226,0.8015788555145263,1,0,500
1788537449.2782907,68,0.7925894618034363,0,0,500
1788537460.303712,58,0.783758262793223,0,1,500
1788537470.3177803,542,0.7764413714408874,0,2,500
1788537481.2823484,52,0.7000367164611816,1,1,500
1788537491.2891586,21,0.7959634304046631,0,1,500
1788537501.3006368,269,0.6474004745483398,1,0,500
1788537511.3138504,47,0.8596637487411499,0,0,500
1788537522.337026,71,0.8344817558924357,0,0,500
1788537532.343252,328,0.8100789189338684,1,1,500
1788537542.3712487,65,0.6914843380451202,0,0,500
1788537553.3412182,51,0.6943826079368591,1,2,500
1788537564.343886,303,0.7856786052385966,1,2,500
1788537574.3848047,64,0.7839046835899353,1,2,500
1788537585.3780556,61,0.8756762027740479,0,1,500
1788537596.3631172,303,0.7063761949539185,1,3,500
1788537606.3695462,42,0.8561908721923828,1,0,500
1788537616.3854926,50,0.8125100255012512,0,0,500
1788537627.3597453,262,0.8479272484779358,1,1,500
1788537637.3630242,51,0.8415889620780945,0,1,500
1788537647.494356,31,0.7835928320884704,0,1,500
1788537658.4868042,262,0.7496869464715322,1,1,500
1788537669.461965,65,0.7079700469970703,0,0,500
1788537680.5002632,315,0.7961828807989756,2,1,500
1788537690.583499,70,0.6723181128501892,0,1,500
1788537701.4827702,68,0.7842978358268737,0,2,500
1788537712.4992285,513,0.7173062463601431,1,3,500
1788537722.501871,42,0.7413751602172851,1,2,500
1788537732.5160115,57,0.7752255439758301,0,3,500
1788537742.5288374,303,0.7917689085006714,1,1,500
1788537753.5141358,21,0.7472646474838257,0,2,500
1788537763.5227487,51,0.8158143043518067,0,0,500
1788537773.537569,253,0.7994828939437866,1,1,500
1788537784.5533996,65,0.7583624521891276,0,2,500
1788537794.5748773,48,0.8045536518096924,0,1,500
1788537805.4917314,465,0.779548954963684,1,1,500
1788537815.4989228,41,0.7600838780403137,0,1,500
1788537826.5123055,58,0.834866851568222,0,1,500
1788537836.5331888,319,0.805448842048645,1,1,500
1788537847.5252066,64,0.7724695682525635,0,2,500
1788537858.5399752,352,0.8245368202527364,1,0,500
1788537869.5183609,40,0.7692134737968445,0,1,500
1788537879.5185394,68,0.7629971742630005,1,0,500
1788537889.536839,415,0.8737346172332764,1,0,500
1788537900.5379124,63,0.7807401120662689,1,1,500
1788537910.5511787,45,0.7781896114349365,0,1,500
1788537921.538649,216,0.8456676125526428,2,0,500
1788537932.5506673,52,0.6933752695719401,0,3,500
1788537942.5652194,50,0.8599807262420655,0,1,500
1788537952.5880175,516,0.8568403601646424,1,0,500
1788537963.5693226,32,0.7442567110061645,0,0,500
1788537973.5735586,78,0.7904308795928955,0,1,500
1788537983.5764678,255,0.8414235353469849,2,0,500
1788537993.6057541,42,0.7594112515449524,1,2,500
1788538004.6085277,75,0.6916693051656088,1,0,500
1788539968.1317258,684,0.7701143908500672,2,4,500
1788542315.1767247,6487,0.7921996919008402,23,22,900
1788542325.2329035,55,0.6726998448371887,1,1,500
1788542336.254349,69,0.7573009232680002,0,0,500
1788542347.2336135,388,0.7197157502174377,1,2,500
1788542358.2315598,80,0.7710837225119272,0,1,500
1788542368.2568908,67,0.6588361263275146,2,2,500
1788542378.2631733,433,0.790584397315979,1,0,500
1788542388.267858,72,0.8129151344299317,1,0,500
1788542398.310182,61,0.8236116766929626,1,0,500
1788542409.2268298,345,0.7163586139678955,0,3,500
1788542419.2664304,26,0.7929764747619629,0,1,500
1788542429.2861161,68,0.7307357072830201,0,0,500
1788542440.263556,372,0.8688765168190002,1,1,500
1788542451.2641485,64,0.7578275799751282,1,1,500
1788542462.2852938,391,0.7970316906770071,1,2,500
1788542472.3423514,50,0.7465094566345215,1,2,500
1788542483.2657578,24,0.7007567286491394,0,3,500
1788542493.3011932,464,0.6920745730400085,0,3,500
1788542504.2945907,67,0.7704483518997828,1,1,500
1788542514.3303115,31,0.8418505311012268,0,1,500
1788542525.2753136,421,0.7411146759986877,1,1,500
1788542535.298322,61,0.8094541549682617,1,1,500
1788542546.306963,70,0.7976532876491547,0,1,500
1788542556.3173115,201,0.7455404043197632,0,2,500
1788542566.3548086,57,0.7654075741767883,0,0,500
1788542576.3551116,52,0.8711448192596436,0,0,500
1788542587.3186507,433,0.8670774936676026,2,0,500
1788542597.3536942,88,0.8355530858039856,0,0,500
1788542608.3588376,72,0.7361163000265757,0,1,500
1788542619.312456,304,0.7363388776779175,0,0,500
1788542629.3281255,35,0.7654483079910278,1,1,500
1788542639.357599,49,0.7936976671218872,0,1,500
1788542650.3541322,387,0.8498089015483856,2,1,500
1788542660.3883555,57,0.7442668199539184,1,0,500
1788542671.332907,52,0.8204909682273864,0,1,500
1788542682.3541107,277,0.7810107072194418,1,1,500
1788542692.4161372,63,0.8615226149559021,0,1,500
1788542703.362962,476,0.8579992532730103,1,0,500
1788542714.3618693,59,0.7829070587952932,0,1,500
1788542724.421662,69,0.8274245262145996,1,2,500
1788542734.4298277,298,0.8826211333274842,1,0,500
1788542745.3681443,69,0.7402004122734069,0,0,500
1788542756.381709,67,0.7269759376843771,1,1,500
1788542766.4496996,241,0.8818358063697815,1,0,500
1788542777.3857968,35,0.8804011225700379,0,0,500
1788542788.4123728,79,0.8271993199984232,0,0,500
1788542798.4416218,402,0.7860817670822143,1,1,500
1788542808.4446945,40,0.7242570281028747,0,1,500
1788542819.4261887,62,0.798992109298706,1,0,500
1788542830.4347093,373,0.7889896333217621,1,1,500
1788542841.4019132,59,0.8220064163208007,1,0,500
1788542851.4052246,31,0.7818548917770386,0,0,500
1788542862.4324179,530,0.8025640447934469,1,0,500
1788542872.4519727,52,0.7203831672668457,0,0,500
1788542882.5278323,373,0.7252496361732483,1,1,500
1788542893.4582107,51,0.8428133487701416,0,0,500
1788542904.4492116,47,0.8718328575293223,2,0,500
1788542915.4363256,244,0.8167479753494262,1,0,500
1788542926.4503953,57,0.8526912232240041,0,0,500
1788542936.4602296,53,0.8867712259292603,0,0,500
1788542947.4463773,546,0.8891818881034851,1,0,500
1788542957.450186,50,0.8282755136489868,0,0,500
1788542967.4826148,52,0.8103562593460083,0,1,500
1788542978.4935138,390,0.7669671376546224,1,1,500
1788542988.523281,58,0.8249000787734986,0,1,500
1788542999.4841666,38,0.7743296027183533,0,2,500
1788543009.521735,390,0.8595198392868042,1,0,500
1788543020.4919496,42,0.8197517395019531,0,1,500
1788543030.5208247,65,0.8114119887351989,0,0,500
1788543041.5008864,437,0.8119160890579223,0,1,500
1788543052.5183012,84,0.8193182647228241,0,1,500
1788543062.5685196,421,0.8207617163658142,1,0,500
1788543073.525985,50,0.7860857963562011,0,0,500
1788543083.5297077,64,0.7217369794845581,0,1,500
1788543094.5533082,224,0.7644059757391611,1,1,500
1788543104.5932589,57,0.6535974442958832,0,3,500
1788543115.511742,65,0.8059858918190003,0,0,500
1788543125.5309024,478,0.7753191113471984,1,2,500
1788543136.5514588,51,0.7618568042914072,0,1,500
1788543147.5179513,61,0.7823502779006958,0,1,500
1788543157.545353,190,0.762455403804779,1,1,500
1788543168.5375586,53,0.7687278985977173,0,2,500
1788543178.5588253,43,0.7957262992858887,0,1,500
1788543188.5709062,289,0.8671808838844299,1,1,500
1788543198.6034343,52,0.7662251114845275,0,2,500
1788543209.5658772,54,0.7550295948982239,1,0,500
1788543220.5674124,465,0.8849948445955912,2,0,500
1788543230.5867434,61,0.7720467805862427,0,0,500
1788543241.57141,46,0.8874231457710267,0,0,500
1788543251.5748668,225,0.822543716430664,1,0,500
1788543262.5960493,72,0.7129172335068384,2,0,500
1788543272.6102061,332,0.8360957741737366,1,0,500
1788543283.6169095,56,0.7931512713432312,0,0,500
1788543294.6380923,66,0.7638563911120096,0,1,500
1788543305.6401718,258,0.7037285447120667,0,2,500
1788543316.6162305,78,0.7997411688168844,0,0,500
1788543326.6463604,36,0.7842166781425476,0,1,500
1788543336.6617868,502,0.7225363790988922,1,1,500
1788543347.580526,53,0.7493252515792846,0,1,500
1788543357.6027799,49,0.822792136669159,1,0,500
1788543367.611596,469,0.7230664491653442,1,0,500
1788543377.6187136,70,0.7989271283149719,1,0,500
1788543387.634239,42,0.7251523971557617,0,1,500
1788543397.637211,263,0.8122702598571777,1,1,500
1788543407.6486623,54,0.8572239398956298,0,0,500
1788543417.6608956,21,0.8058420658111572,0,0,500
1788543428.662916,300,0.8073898951212565,1,0,500
1788543438.6938934,57,0.7606144547462463,1,0,500
1788543449.6589184,74,0.793388569355011,0,1,500
1788543459.6999755,219,0.7976227879524231,0,2,500
1788543470.660327,66,0.7799679636955261,0,3,500
1788543480.6765685,52,0.6422515749931336,0,1,500
1788543490.6916876,524,0.8861240744590759,1,0,500
1788543501.6666136,57,0.7809432625770569,0,3,500
1788543511.66995,30,0.8163041949272156,1,0,500
1788543521.6890326,262,0.8631110072135926,1,1,500
1788543532.6885135,71,0.8397992750008901,0,0,500
1788543542.732068,382,0.7519780158996582,0,1,500
1788543553.7272947,21,0.8288076400756836,0,1,500
1788543564.6953964,65,0.7225099603335062,1,1,500
1788543574.7090714,457,0.8447555661201477,1,1,500
1788543584.7435784,39,0.869356656074524,0,0,500
1788543594.7991588,26,0.8205551624298095,1,0,500
1788543605.7360117,321,0.901528263092041,1,0,500
1788543616.7359624,74,0.8428236146767935,1,1,500
1788543626.749553,61,0.6967453002929688,0,1,500
1788543636.7771027,245,0.9052232146263123,1,0,500
1788543647.7372842,54,0.7913617253303528,0,0,500
1788543657.7838893,40,0.7557991147041321,1,1,500
1788543668.776419,502,0.7628965675830841,2,0,500
1788543679.7509387,39,0.8334481596946717,0,0,500
1788543690.761191,74,0.780082494020462,0,1,500
1788543700.7626784,534,0.8576457738876343,1,0,500
1788543710.8106165,52,0.8412045359611511,0,1,500
1788543721.7561173,66,0.8018626570701599,0,1,500
1788543732.7789347,545,0.7640004754066467,0,1,500
1788543742.819978,51,0.8378890156745911,0,1,500
1788543752.8592768,379,0.7776600003242493,1,1,500
1788543763.7731402,57,0.8009581327438354,1,0,500
1788543773.7762132,45,0.7199620246887207,1,1,500
1788543783.8038795,487,0.798679256439209,1,1,500
1788543794.8150938,83,0.7854474484920502,1,1,500
1788543804.8243945,49,0.8299753665924072,1,1,500
1788543815.789952,297,0.7536994576454162,1,1,500
1788543825.8009014,75,0.7440621137619019,0,1,500
1788543836.8360736,76,0.823668360710144,0,0,500
1788543846.918027,434,0.68887859582901,0,2,500
1788543857.8187845,50,0.9031614899635315,0,0,500
1788543867.8263896,51,0.8546138882637024,0,0,500
1788543878.8241582,285,0.6718688160181046,1,1,500
1788543888.8341472,73,0.7193779110908508,1,0,500
1788543898.8644767,66,0.8838553547859191,0,1,500
1788543909.8280015,427,0.8431331276893616,1,1,500
1788543919.8578815,47,0.7685720324516296,0,0,500
1788543930.84974,34,0.820440818866094,1,1,500
1788543940.901964,485,0.7864843368530273,1,2,500
1788543951.8606107,62,0.830068302154541,0,1,500
1788543961.8761716,53,0.7832439661026,0,0,500
1788543972.8746457,351,0.8293661971886953,1,0,500
1788543982.9235184,33,0.8001309037208557,0,0,500
1788543992.9237683,217,0.8655510783195496,1,0,500
1788544003.8692338,68,0.7755361199378967,0,1,500
1788544013.884855,36,0.7954095840454102,0,2,500
1788544023.9321656,219,0.7532184243202209,1,1,500
1788544034.9415238,70,0.7761350572109222,0,1,500
1788544045.9064114,59,0.7705108523368835,0,2,500
1788544056.9051085,323,0.9152900576591492,1,0,500
1788544066.9403093,60,0.8374364256858826,0,0,500
1788544077.8924723,32,0.8061020970344543,2,0,500
1788544088.914609,501,0.7963667263587316,1,0,500
1788544098.922345,69,0.8407804012298584,0,0,500
1788544108.9506426,47,0.8462647080421448,1,0,500
1788544119.8977199,253,0.8326254844665527,1,1,500
1788544129.9251251,34,0.8350133776664734,1,0,500
1788544140.9402547,34,0.8452700277169546,1,2,500
1788544151.943655,398,0.8482290983200074,1,0,500
1788544161.9592912,38,0.6777097702026367,1,0,500
1788544172.9578364,365,0.7959201832612356,1,1,500
1788544182.9876258,93,0.7929042696952819,0,2,500
1788544193.0064263,49,0.713546872138977,0,1,500
1788544203.9721851,337,0.6647766947746276,1,1,500
1788544215.000591,56,0.7557865977287292,0,2,500
1788544225.9868011,58,0.6837444067001343,0,1,500
1788544236.9673786,443,0.7787858148415884,2,1,500
1788544247.0013301,51,0.6798059821128846,0,2,500
1788544257.9726052,64,0.8209689736366272,0,2,500
1788544268.0045261,529,0.7608065366744995,2,1,500
1788544278.996114,54,0.7768524289131165,1,0,500
1788544289.9825218,45,0.7476493120193481,1,1,500
1788544301.0161915,361,0.8695540229479471,1,0,500
1788544311.0569022,44,0.7729870915412903,0,1,500
1788544322.0006797,69,0.7539925098419189,0,1,500
1788544333.0210564,367,0.8568576176961263,0,1,500
1788544343.0504227,52,0.7591955006122589,1,0,500
1788544354.0150375,246,0.702755618095398,1,2,500
1788544365.033003,74,0.8102049926916758,0,1,500
1788544375.0654695,68,0.7404225945472718,0,1,500
1788544385.1086476,316,0.7914812684059143,1,0,500
1788544396.0317357,55,0.7630674123764039,1,2,500
1788544407.049577,74,0.8599656323591868,0,1,500
1788544418.0549684,225,0.7581507802009583,0,2,500
1788544428.0820158,61,0.7849066376686096,0,1,500
1788544438.0896645,47,0.7822659373283386,0,0,500
1788544449.0834067,492,0.8387017349402109,1,1,500
1788544460.067921,36,0.7750541567802429,0,2,500
1788544471.0885503,45,0.7348400155703226,1,2,500
1788544481.0983295,431,0.748917281627655,2,0,500
1788544491.1700492,63,0.8577725291252136,0,0,500
1788544502.1093242,30,0.8853319168090821,0,0,500
1788544513.1101875,467,0.8200293183326721,1,2,500
1788544523.1193693,63,0.8526750564575195,1,0,500
1788544533.1373153,192,0.8503487944602967,1,0,500
1788544544.0908432,50,0.807171368598938,0,0,500
1788544554.0983038,84,0.7725022435188293,0,0,500
1788544564.1014774,417,0.7289341449737549,0,2,500
1788544574.1168938,61,0.8211135387420654,0,0,500
1788544584.1404226,55,0.7029581308364868,0,0,500
1788544595.130856,532,0.8089311122894287,1,1,500
1788544606.1031625,47,0.7467893958091736,0,3,500
1788544616.1222277,61,0.7616474747657775,0,0,500
1788544627.138473,414,0.8450094064076742,0,1,500
1788544637.1809423,39,0.7178653836250305,0,1,500
1788544648.1400146,42,0.7818288445472718,0,2,500
1788544659.1644428,214,0.8553073306878408,1,1,500
1788544669.175359,49,0.8079143524169922,0,0,500
1788544679.1982179,51,0.8749533057212829,0,0,500
1788544689.240198,349,0.6514558076858521,2,1,500
1788544700.2008517,38,0.844400942325592,0,0,500
1788544711.225121,72,0.7727218270301819,0,0,500
1788544721.260526,351,0.8259009838104248,1,0,500
1788544732.2186527,58,0.7453271746635437,0,2,500
1788544743.2163622,470,0.7293453713258108,0,2,500
1788544753.256785,66,0.8154306650161743,0,1,500
1788544763.2664282,67,0.7353611946105957,0,0,500
1788544774.2121098,289,0.7033359587192536,1,0,500
1788544784.2232227,39,0.8688814997673034,1,0,500
1788544794.2349796,69,0.7236268222332001,0,3,500
1788544805.2526076,393,0.8286375999450684,1,2,500
1788544815.2610817,42,0.8353694677352905,0,1,500
1788544826.2365923,47,0.8497911214828491,0,1,500
1788544836.2518923,202,0.7716366291046143,1,0,500
1788544847.2645462,79,0.7456106046835581,1,3,500
1788544857.3046331,54,0.7456900238990783,0,0,500
1788544868.237507,464,0.8566964864730835,2,0,500
1788544878.2694852,57,0.8431820154190064,1,0,500
1788544888.2845879,51,0.8455386161804199,0,0,500
1788544899.2795124,502,0.827327956755956,0,1,500
1788544909.2855623,63,0.7582505881786347,0,1,500
1788544919.3285596,41,0.8453317642211914,0,0,500
1788544930.3059938,459,0.8129438281059265,1,0,500
1788544941.3062859,97,0.7736787895361582,0,2,500
1788544952.3244426,58,0.7892873883247375,0,2,500
1788544963.3161545,502,0.7870684663454691,2,2,500
1788544973.334212,65,0.7330729961395264,1,1,500
1788544983.3382883,214,0.7469653367996216,1,1,500
1788544994.2980225,74,0.74391850233078,0,1,500
1788545005.3518982,58,0.7541025032599767,0,0,500
1788545015.3589506,349,0.8880191326141358,0,1,500
1788545026.3113477,70,0.6518614292144775,0,2,500
1788545037.3155699,55,0.7062338987986246,0,1,500
1788545047.3696725,383,0.8201624512672424,1,0,500
1788545058.3737829,48,0.814980685710907,0,0,500
1788545069.3851728,61,0.7808244029680887,0,1,500
1788545079.3936715,348,0.7164492964744568,0,1,500
1788545089.3997276,68,0.7260476469993591,1,1,500
1788545100.3386934,72,0.8577287793159485,0,0,500
1788545110.3426902,199,0.7387043237686157,0,2,500
1788545120.34948,54,0.7241737723350525,0,1,500
1788545130.3647575,42,0.8458141207695007,0,0,500
1788545140.3839414,319,0.8873386740684509,1,1,500
1788545151.3520303,90,0.7994770507017771,0,2,500
1788545161.380962,41,0.7726578950881958,1,0,500
1788545171.411736,308,0.7179811894893646,0,1,500
1788545181.4391685,50,0.7378522157669067,0,1,500
1788545192.3846164,71,0.866025185585022,0,0,500
1788545203.4085267,525,0.6872418075799942,0,2,500
1788545213.4248772,61,0.7130991458892822,0,0,500
1788545223.4530828,321,0.8099783658981323,0,2,500
1788545233.4626124,63,0.836691153049469,0,0,500
1788545244.4053366,54,0.8059798955917359,0,0,500
1788545254.5098782,432,0.7580855131149292,1,2,500
1788545265.448401,57,0.7746985654036204,0,1,500
1788545275.4616473,33,0.8285353779792786,1,0,500
1788545285.4616833,514,0.7809528589248658,1,1,500
1788545295.4643288,41,0.7430814146995545,0,2,500
1788545306.472909,34,0.7324408411979675,0,0,500
1788545317.4638076,298,0.6996453354756037,0,1,500
1788545327.4657748,58,0.7787304043769836,1,2,500
1788545338.4262486,51,0.7534396529197693,2,1,500
1788545348.4581223,373,0.8916320443153382,1,0,500
1788545358.473633,26,0.8131971955299377,0,0,500
1788545369.4817345,67,0.7869541645050049,2,0,500
1788545379.5333176,499,0.7922422409057617,1,2,500
1788545390.4789612,64,0.7994442939758301,0,0,500
1788545401.498282,70,0.8027534484863281,1,1,500
1788545412.4719708,358,0.7889574766159058,1,1,500
1788545422.4756956,55,0.7085245370864868,0,1,500
1788545432.4988105,43,0.8562416791915893,0,0,500
1788545442.5104263,401,0.7581214427947998,2,2,500
1788545453.5488975,69,0.8342182338237762,1,0,500
1788545463.55729,323,0.8725421786308288,1,0,500
1788545474.5017333,56,0.7921055912971496,0,1,500
1788545484.5132515,64,0.9030876398086548,0,0,500
1788545495.5129776,465,0.8080608050028483,1,2,500
1788545505.6028252,35,0.7453121185302735,1,1,500
1788545516.534618,54,0.7746129274368286,0,2,500
1788545526.5495322,483,0.6939316391944885,1,0,500
1788545537.5751483,54,0.7121795217196146,0,1,500
1788545547.57891,78,0.818278694152832,0,0,500
1788545557.6686676,309,0.817354679107666,3,0,500
1788545568.5495324,63,0.6841529488563538,1,0,500
1788545578.5765407,43,0.7917919993400574,1,1,500
1788545588.5792692,232,0.8140581130981446,1,0,500
1788545598.582553,33,0.6486491203308106,1,2,500
1788545608.5895479,55,0.7665008306503296,0,1,500
1788545618.6555567,406,0.8034812808036804,1,1,500
1788545629.597441,88,0.7010207126537958,0,2,500
1788545639.6556883,56,0.7494951248168945,0,0,500
1788545650.5977435,301,0.8627963185310363,1,2,500
1788545660.6031609,42,0.7493736982345581,2,1,500
1788545670.6399727,53,0.7747033357620239,1,1,500
1788545680.662672,192,0.7545395016670227,1,1,500
1788545691.6597517,35,0.80583522717158,0,1,500
1788545702.6407382,56,0.8718093633651733,0,0,500
1788545713.6678712,527,0.8182979722817739,1,0,500
1788545723.6815104,82,0.7650089383125305,0,1,500
1788545733.6996992,314,0.8832158088684082,2,0,500
1788545743.7084863,58,0.7178992390632629,0,0,500
1788545754.6474252,53,0.8009183526039123,0,2,500
1788545765.6974602,326,0.8545638720194498,2,0,500
1788545775.750851,63,0.8953776955604553,1,0,500
1788545786.6804614,63,0.8024404764175415,0,1,500
1788545796.6834242,403,0.8524240851402283,1,0,500
1788545806.6945238,55,0.8166611313819885,0,1,500
1788545817.6861055,67,0.6904369443655014,0,1,500
1788545827.715481,407,0.6488909482955932,1,2,500
1788545837.7397354,44,0.7745185017585754,0,1,500
1788545847.7560287,27,0.7947156310081482,0,0,500
1788545858.7862482,425,0.7702546000480652,1,0,500
1788545869.7265298,78,0.7231003046035767,1,3,500
1788545880.708246,38,0.8200714468955994,0,0,500
1788545890.7153358,322,0.8411810398101807,1,1,500
1788545900.7300618,55,0.8927119851112366,0,0,500
1788545911.749321,72,0.7250921527544657,2,0,500
1788545921.7497838,502,0.8590281128883361,1,0,500
1788545931.7674353,31,0.811598002910614,0,0,500
1788545941.770454,51,0.7394768476486206,0,0,500
1788545952.7376168,396,0.8817756414413452,1,0,500
1788545962.7849624,64,0.7512218117713928,1,1,500
1788545973.77752,314,0.759469598531723,1,1,500
1788545983.7897472,57,0.8075308084487915,0,1,500
1788545993.8060582,51,0.6657711505889893,0,3,500
1788546003.8372755,345,0.7414223790168762,1,0,500
1788546014.7601216,61,0.801977562904358,0,1,500
1788546024.7953382,40,0.8310327529907227,0,0,500
1788546034.810944,445,0.6353527665138244,0,0,500
1788546045.8396645,72,0.7813441455364227,0,0,500
1788546056.776683,34,0.8303970336914063,0,0,500
1788546066.7793858,394,0.7911919116973877,0,1,500
1788546076.7952733,62,0.6826054811477661,0,2,500
1788546086.7976892,35,0.7960315704345703,1,1,500
1788546096.812665,281,0.7183375000953675,2,1,500
1788546106.8196733,49,0.7271808862686158,0,2,500
1788546117.8633997,62,0.7532917658487955,0,1,500
1788546128.7939794,507,0.7598937034606934,1,1,500
1788546138.868866,51,0.8316359043121337,0,1,500
1788546149.8713973,80,0.8388839463392893,0,0,500
1788546160.8309505,240,0.6979692697525024,1,1,500
1788546171.8576372,65,0.8140294502178828,0,0,500
1788546181.884497,46,0.7530573725700378,0,0,500
1788546192.8638372,299,0.8829135060310364,2,0,500
1788546202.8676696,46,0.7836942672729492,1,0,500
1788546213.9152367,337,0.761408120393753,1,2,500
1788546223.9276798,59,0.7488507509231568,0,0,500
1788546234.8728108,63,0.7978540420532226,0,2,500
1788546244.8920476,331,0.8590127110481263,1,0,500
1788546254.9027305,66,0.8166864395141602,0,1,500
1788546265.9287508,81,0.8173225522041321,0,0,500
1788546275.9417167,339,0.7756940960884094,1,2,500
1788546286.9642577,55,0.7916772127151489,0,0,500
1788546297.9410636,64,0.821511834859848,0,1,500
1788546307.9643,424,0.7961408138275147,2,1,500
1788546318.962884,78,0.7954811334609986,0,1,500
1788546329.9533083,70,0.6629028817017873,1,2,500
1788546340.0066054,227,0.7295632600784302,0,2,500
1788546350.0209694,74,0.7970090508460999,0,0,500
1788546360.9257793,61,0.7635643720626831,0,1,500
1788546370.9489079,464,0.7631686806678772,1,2,500
1788546380.955981,30,0.7566693186759949,0,1,500
1788546391.9652352,55,0.6969661315282186,0,3,500
1788546402.9417045,473,0.8196154236793518,1,0,500
1788546412.9572952,48,0.8017833948135376,0,3,500
1788546422.9638329,43,0.8925112247467041,0,0,500
1788546433.995816,273,0.8394323190053304,1,2,500
1788546444.047489,60,0.8004158437252045,0,0,500
1788546454.9733777,341,0.8034078121185303,2,0,500
1788546464.9767725,65,0.6998071908950806,1,1,500
1788546476.0129771,62,0.7566679219404856,0,2,500
1788546486.0315328,478,0.8105368852615357,1,0,500
1788546496.0324275,60,0.7507814884185791,0,1,500
1788546506.9925892,72,0.7499682903289795,1,2,500
1788546516.995884,316,0.8039721608161926,1,1,500
1788546527.0264657,44,0.8491611480712891,0,0,500
1788546538.0441513,89,0.7208684583504995,0,2,500
1788546549.0167685,477,0.8427609324455261,1,1,500
1788546559.0526035,43,0.587466037273407,0,1,500
1788546570.0521984,80,0.8224854270617167,0,0,500
1788546580.0833907,514,0.6323231756687164,0,2,500
1788546591.069209,67,0.8090091705322265,0,0,500
1788546601.0722303,45,0.7560574769973755,0,1,500
1788546611.1040785,508,0.8628528356552124,1,0,500
1788546621.1066334,59,0.8394672870635986,0,1,500
1788546632.0960453,69,0.7610267400741577,0,2,500
1788546642.124636,488,0.7182572662830353,0,2,500
1788546652.129631,67,0.8006045579910278,2,0,500
1788546662.1302257,50,0.7684707641601562,1,2,500
1788546672.133459,405,0.8013273119926453,2,0,500
1788546683.1090493,46,0.8375720500946044,0,0,500
1788546694.1211584,284,0.7769957880179087,1,1,500
1788546704.145476,48,0.7740324258804321,1,1,500
1788546715.1103864,51,0.7118377208709716,0,2,500
1788546726.1349008,338,0.8538865049680074,1,0,500
1788546736.151648,27,0.6697286009788513,0,3,500
1788546746.1609435,47,0.6355737924575806,0,2,500
1788546757.1308343,324,0.7612783312797546,2,1,500
1788546768.1555862,49,0.7773403823375702,0,1,500
1788547581.1096785,136,0.8017711596829551,0,3,500
1788547591.1407444,316,0.7639481782913208,2,0,500
1788547602.0866263,63,0.8463762640953064,1,0,500
1788547612.1304991,70,0.7870190382003784,0,0,500
1788547623.1223881,510,0.7469205756982168,1,1,500
1788547633.1492922,56,0.6435734391212463,1,0,500
1788547644.125189,49,0.7988376021385193,0,0,500
1788547654.130902,367,0.7376582026481628,0,0,500
1788547664.1456745,80,0.73218252658844,0,0,500
1788547675.1700125,286,0.7004199723402659,0,2,500
1788547686.125167,57,0.7349736213684082,0,1,500
1788547696.1490748,49,0.7693464398384094,0,1,500
1788547706.1786761,323,0.7704490780830383,1,1,500
1788547717.1848464,41,0.8136292894681295,1,0,500
1788547727.2326798,42,0.8229023814201355,0,0,500
1788547737.2561162,180,0.8359723567962647,1,2,500
1788547748.1636498,46,0.7197147250175476,2,0,500
1788547758.1667745,68,0.8069921612739563,0,1,500
1788547768.1882474,380,0.8086216926574707,0,1,500
1788547779.222286,61,0.7525389889876047,0,1,500
1788547790.1628723,39,0.8019383788108826,0,1,500
1788547800.2192025,501,0.8092075824737549,1,0,500
1788547810.2218318,54,0.7646642327308655,0,0,500
1788547821.234358,64,0.8065682947635651,2,1,500
1788547832.227298,451,0.7471926212310791,2,0,500
1788547842.25131,62,0.7462192058563233,0,0,500
1788547853.269162,79,0.7810825109481812,0,2,500
1788547864.2653222,456,0.907188355922699,1,0,500
1788547875.26329,54,0.828941414753596,0,1,500
1788547885.3169646,314,0.8108939886093139,0,1,500
1788547896.2357607,28,0.7557275533676148,0,1,500
1788547907.2679245,99,0.7835433880488077,0,0,500
1788547917.3252945,356,0.7267147600650787,1,2,500
1788547928.3002403,64,0.7951331019401551,0,0,500
1788547938.3028,45,0.7474132657051087,0,0,500
1788547948.32566,232,0.8371391534805298,1,1,500
1788547958.3327253,50,0.7551987648010254,0,1,500
1788547969.3429785,81,0.8240954081217448,1,0,500
1788547979.4028296,211,0.8020102977752686,1,0,500
1788547989.42845,49,0.8044081807136536,0,0,500
1788548000.325813,53,0.7196349859237671,0,2,500
1788548010.3377569,517,0.7713191032409668,1,2,500
1788548020.4020677,31,0.7060171365737915,0,1,500
1788548031.4256814,66,0.8388892809549967,0,1,500
1788548041.4532652,324,0.781272542476654,1,0,500
1788548052.4251657,73,0.7476837396621704,0,2,500
1788548063.4332805,94,0.8556551734606425,1,0,500
1788628654.7554042,36,0.8175496061642965,0,1,500
1788628665.100942,36062,0.8453367561907381,95,15,900
1788628675.230906,1686,0.752620267868042,2,3,900
1788628686.1766498,1791,0.9522722840309144,5,0,900
1788628696.4811416,1670,0.8639145731925965,4,1,900
1788628707.1592834,2282,0.8934713204701742,6,0,900
1788628717.1651382,1517,0.8941912293434143,4,1,900
1788628727.1702237,1616,0.9174187660217286,4,1,900
1788628737.2178054,1661,0.9002689838409423,4,1,900
1788628748.175886,1698,0.8452538013458252,4,1,900
1788628759.1629102,2184,0.8746108114719391,4,2,900
1788628769.190019,1801,0.78553626537323,4,1,900
1788628779.1960492,1980,0.7867345571517944,5,0,900
1788628789.1965547,1558,0.7905153512954712,4,1,900
1788628800.1771045,1425,0.9087984323501587,5,0,900
1788628811.2100453,1476,0.9208659927050272,5,1,900
1788628822.1936896,1672,0.9244609236717224,5,0,900
1788628833.2024944,1818,0.8505573074022929,5,1,900
1788628843.215284,1591,0.8855350613594055,4,1,900
1788628854.2099872,1203,0.7784563183784485,3,1,900
1788628865.2079196,1942,0.8807928264141083,5,1,900
1788628875.229415,1416,0.8610365986824036,5,0,900
1788628885.2410135,1493,0.842764699459076,5,0,900
1788628895.2819777,1756,0.8369104504585266,4,0,900
1788628906.2258332,1503,0.8253320336341858,4,1,900
1788628916.2569652,1807,0.9499920010566711,5,0,900
1788628927.225606,2256,0.7808046837647756,5,0,900
1788628937.279953,1450,0.8254188477993012,4,1,900
1788628948.2144446,1516,0.9037690758705139,5,0,900
1788628958.2496443,1775,0.8053529381752014,4,1,900
1788628969.2723145,2017,0.8494426707426707,5,1,900
1788628979.2742474,1745,0.8269555807113648,5,0,900
1788628990.2470975,1428,0.8583562135696411,4,1,900
1788629000.2665665,1795,0.7771462798118591,5,0,900
1788629010.2674592,1720,0.7333902418613434,5,0,900
1788629021.2901213,2381,0.8291149834791819,6,0,900
1788629032.2599397,1696,0.8389248132705689,5,0,900
